Workbook

Sheet tab
A1: ENTITY | B1: SHORTNAME | C1: LABEL | D1: PRIORITY | E1: LEADING | F1: SECURITY
A2: Content | B2: details | D2: 0 | E2: y | F2: PUBLIC
A3: VirtualCollection | B3: details | C3: Details | D3: 0 | E3: y | F3: PUBLIC
A4: Person | B4: details | C4: Profile | D4: 0 | E4: y | F4: PUBLIC
A5: Person | B5: publications | C5: Scholarly works | D5: 2 | E5: n | F5: PUBLIC
A6: Person | B6: editedpublications | C6: Edited Publications | D6: 3 | E6: n | F6: PUBLIC
A7: Person | B7: projects | C7: Projects | D7: 4 | E7: n | F7: PUBLIC
A8: Person | B8: about | C8: About | D8: 5 | E8: n | F8: PUBLIC
A9: Person | B9: orcid | C9: ORCID | D9: 6 | E9: n | F9: OWNER ONLY
A10: Person | B10: indicators | C10: Metrics | D10: 7 | E10: n | F10: PUBLIC
A11: Person | B11: secure | C11: Secured Tab | D11: 8 | E11: n | F11: CUSTOM DATA
A12: OrgUnit | B12: maininformation | C12: Information | D12: 0 | E12: y | F12: PUBLIC
A13: OrgUnit | B13: publications | C13: Scholarly works | D13: 2 | E13: n | F13: PUBLIC
A14: OrgUnit | B14: organizations | C14: Affiliated units | D14: 4 | E14: n | F14: PUBLIC
A15: OrgUnit | B15: people | C15: People | D15: 5 | E15: n | F15: PUBLIC
A16: OrgUnit | B16: projects | C16: Projects | D16: 8 | E16: n | F16: PUBLIC
A17: OrgUnit | B17: rpprojects | C17: Researchers projects | D17: 10 | E17: n | F17: PUBLIC
A18: Project | B18: details | C18: Details | D18: 0 | E18: n | F18: PUBLIC
A19: Project | B19: outputs::projectoutputs | C19: Outputs::Publications | D19: 0 | E19: n | F19: PUBLIC
A20: Project | B20: outputs::fundings | C20: Outputs::Fundings | D20: 10 | E20: n | F20: PUBLIC
A21: Journal | B21: details | C21: Details | D21: 0 | E21: y | F21: PUBLIC
A22: Journal | B22: publications | C22: Publications | D22: 2 | E22: n | F22: PUBLIC
A23: Journal | B23: statistics | C23: Metrics | D23: 3 | E23: n | F23: PUBLIC
A24: Event | B24: details | C24: Details | D24: 0 | E24: y | F24: PUBLIC
A25: Event | B25: publications | C25: Contributions | D25: 2 | E25: n | F25: PUBLIC
A26: Event | B26: statistics | C26: Metrics | D26: 3 | E26: n | F26: PUBLIC
A27: Equipment | B27: details | C27: Details | D27: 0 | E27: n | F27: PUBLIC
A28: Funding | B28: details | C28: Details | D28: 0 | E28: n | F28: PUBLIC
A29: Publication.article | B29: articlemain | C29: Information | D29: 0 | E29: y | F29: PUBLIC
A30: Publication.article | B30: files | C30: Files | D30: 2 | E30: n | F30: PUBLIC
A31: Publication.article | B31: articledetails | C31: Details | D31: 3 | E31: n | F31: PUBLIC
A32: Publication.article | B32: versions | C32: Versions | D32: 4 | E32: n | F32: PUBLIC
A33: Publication.article | B33: statistics | C33: Metrics | D33: 5 | E33: n | F33: PUBLIC
A34: Publication.book | B34: bookmain | C34: Information | D34: 0 | E34: y | F34: PUBLIC
A35: Publication.book | B35: files | C35: Files | D35: 2 | E35: n | F35: PUBLIC
A36: Publication.book | B36: bookdetails | C36: Details | D36: 3 | E36: n | F36: PUBLIC
A37: Publication.book | B37: versions | C37: Versions | D37: 4 | E37: n | F37: PUBLIC
A38: Publication.book | B38: statistics | C38: Metrics | D38: 4 | E38: n | F38: PUBLIC
A39: Publication.conference | B39: conferencemain | C39: Information | D39: 0 | E39: y | F39: PUBLIC
A40: Publication.conference | B40: files | C40: Files | D40: 2 | E40: n | F40: PUBLIC
A41: Publication.conference | B41: conferencedetails | C41: Details | D41: 3 | E41: n | F41: PUBLIC
A42: Publication.conference | B42: versions | C42: Versions | D42: 4 | E42: n | F42: PUBLIC
A43: Publication.conference | B43: statistics | C43: Metrics | D43: 5 | E43: n | F43: PUBLIC
A44: Publication.media | B44: mediamain | C44: Information | D44: 0 | E44: y | F44: PUBLIC
A45: Publication.media | B45: files | C45: Files | D45: 2 | E45: n | F45: PUBLIC
A46: Publication.media | B46: mediadetails | C46: Details | D46: 3 | E46: n | F46: PUBLIC
A47: Publication.media | B47: versions | C47: Versions | D47: 4 | E47: n | F47: PUBLIC
A48: Publication.media | B48: statistics | C48: Metrics | D48: 5 | E48: n | F48: PUBLIC
A49: Publication.preprint | B49: preprintmain | C49: Information | D49: 0 | E49: y | F49: PUBLIC
A50: Publication.preprint | B50: files | C50: Files | D50: 2 | E50: n | F50: PUBLIC
A51: Publication.preprint | B51: preprintdetails | C51: Details | D51: 3 | E51: n | F51: PUBLIC
A52: Publication.preprint | B52: versions | C52: Version | D52: 4 | E52: n | F52: PUBLIC
A53: Publication.preprint | B53: statistics | C53: Metrics | D53: 5 | E53: n | F53: PUBLIC
A54: Publication.report | B54: reportmain | C54: Information | D54: 0 | E54: y | F54: PUBLIC
A55: Publication.report | B55: files | C55: Files | D55: 2 | E55: n | F55: PUBLIC
A56: Publication.report | B56: reportdetails | C56: Details | D56: 3 | E56: n | F56: PUBLIC
A57: Publication.report | B57: versions | C57: Versions | D57: 4 | E57: n | F57: PUBLIC
A58: Publication.report | B58: statistics | C58: Metrics | D58: 5 | E58: n | F58: PUBLIC
A59: Publication.other | B59: preprintmain | C59: Information | D59: 0 | E59: y | F59: PUBLIC
A60: Publication.other | B60: files | C60: Files | D60: 2 | E60: n | F60: PUBLIC
A61: Publication.other | B61: preprintdetails | C61: Details | D61: 3 | E61: n | F61: PUBLIC
A62: Publication.other | B62: versions | C62: Version | D62: 4 | E62: n | F62: PUBLIC
A63: Publication.other | B63: statistics | C63: Metrics | D63: 5 | E63: n | F63: PUBLIC
A64: Publication.student | B64: studentmain | C64: Information | D64: 0 | E64: y | F64: PUBLIC
A65: Publication.student | B65: files | C65: Files | D65: 2 | E65: n | F65: PUBLIC
A66: Publication.student | B66: studentdetails | C66: Details | D66: 3 | E66: n | F66: PUBLIC
A67: Publication.student | B67: versions | C67: Versions | D67: 4 | E67: n | F67: PUBLIC
A68: Publication.student | B68: statistics | C68: Metrics | D68: 5 | E68: n | F68: PUBLIC
A69: Publication.thesis | B69: thesismain | C69: Information | D69: 0 | E69: y | F69: PUBLIC
A70: Publication.thesis | B70: files | C70: Files | D70: 2 | E70: n | F70: PUBLIC
A71: Publication.thesis | B71: thesisdetails | C71: Details | D71: 3 | E71: n | F71: PUBLIC
A72: Publication.thesis | B72: versions | C72: Versions | D72: 4 | E72: n | F72: PUBLIC
A73: Publication.thesis | B73: statistics | C73: Metrics | D73: 5 | E73: n | F73: PUBLIC
A74: Product.teaching | B74: teachingmain | C74: Information | D74: 0 | E74: y | F74: PUBLIC
A75: Product.teaching | B75: files | C75: Files | D75: 2 | E75: n | F75: PUBLIC
A76: Product.teaching | B76: teachingdetails | C76: Details | D76: 3 | E76: n | F76: PUBLIC
A77: Product.teaching | B77: versions | C77: Versions | D77: 4 | E77: n | F77: PUBLIC
A78: Product.teaching | B78: statistics | C78: Metrics | D78: 5 | E78: n | F78: PUBLIC
A79: Product.dataset | B79: datasetmain | C79: Information | D79: 0 | E79: y | F79: PUBLIC
A80: Product.dataset | B80: files | C80: Files | D80: 2 | E80: n | F80: PUBLIC
A81: Product.dataset | B81: datasetdetails | C81: Details | D81: 3 | E81: n | F81: PUBLIC
A82: Product.dataset | B82: versions | C82: Versions | D82: 4 | E82: n | F82: PUBLIC
A83: Product.dataset | B83: statistics | C83: Metrics | D83: 5 | E83: n | F83: PUBLIC
A84: Product.design | B84: designmain | C84: Information | D84: 0 | E84: y | F84: PUBLIC
A85: Product.design | B85: files | C85: Files | D85: 2 | E85: n | F85: PUBLIC
A86: Product.design | B86: designdetails | C86: Details | D86: 3 | E86: n | F86: PUBLIC
A87: Product.design | B87: versions | C87: Versions | D87: 4 | E87: n | F87: PUBLIC
A88: Product.design | B88: statistics | C88: Metrics | D88: 5 | E88: n | F88: PUBLIC
A89: Patent | B89: patentmain | C89: Information | D89: 0 | E89: y | F89: PUBLIC
A90: Patent | B90: files | C90: Files | D90: 2 | E90: n | F90: PUBLIC
A91: Patent | B91: patentdetails | C91: Details | D91: 3 | E91: n | F91: PUBLIC
A92: Patent | B92: versions | C92: Versions | D92: 4 | E92: n | F92: PUBLIC
A93: Patent | B93: statistics | C93: Metrics | D93: 5 | E93: n | F93: PUBLIC

Sheet tab2box
A1: ENTITY | B1: TAB | C1: ROW | D1: ROW_STYLE | E1: CELL_STYLE | F1: BOXES
A2: Content | B2: details | C2: 1 | F2: heading
A3: Content | B3: details | C3: 3 | F3: details
A4: VirtualCollection | B4: details | C4: 1 | F4: title
A5: VirtualCollection | B5: details | C5: 2 | F5: details
A6: VirtualCollection | B6: details | C6: 3 | F6: publications
A7: Person | B7: details | C7: 1 | F7: heading
A8: Person | B8: details | C8: 2 | F8: namecard
A9: Person | B9: publications | C9: 1 | F9: researchoutputs
A10: Person | B10: editedpublications | C10: 1 | F10: editedresearchoutputs
A11: Person | B11: about | C11: 1 | E11: mx-3 col-md-8 col-12 | F11: researcherprofile
A12: Person | B12: about | C12: 1 | E12: col-md-3 col-12 | F12: gscholar
A13: Person | B13: projects | C13: 1 | F13: projects
A14: Person | B14: indicators | C14: 1 | E14: mx-3 col-9 justify-content-md-center | F14: usagemetrics
A15: Person | B15: indicators | C15: 2 | E15: mx-3 col-9 justify-content-md-center | F15: metrics
A16: Person | B16: secure | C16: 1 | F16: secure
A17: OrgUnit | B17: maininformation | C17: 1 | F17: heading
A18: OrgUnit | B18: maininformation | C18: 2 | F18: details
A19: OrgUnit | B19: maininformation | C19: 3 | D19: p-4 | F19: description
A20: OrgUnit | B20: organizations | C20: 1 | F20: organizations
A21: OrgUnit | B21: publications | C21: 1 | F21: publications
A22: OrgUnit | B22: people | C22: 1 | F22: people
A23: OrgUnit | B23: projects | C23: 1 | F23: projects
A24: OrgUnit | B24: rpprojects | C24: 1 | F24: rpprojects
A25: Journal | B25: details | C25: 1 | F25: heading
A26: Journal | B26: details | C26: 2 | F26: details
A27: Journal | B27: details | C27: 3 | D27: p-4 | F27: description
A28: Journal | B28: statistics | C28: 1 | F28: metrics
A29: Journal | B29: publications | C29: 1 | F29: researchoutputs
A30: Event | B30: details | C30: 1 | F30: heading
A31: Event | B31: details | C31: 2 | F31: details
A32: Event | B32: details | C32: 3 | D32: p-4 | F32: description
A33: Event | B33: statistics | C33: 1 | F33: metrics
A34: Event | B34: publications | C34: 1 | F34: researchoutputs
A35: Publication | B35: files | C35: 1 | F35: publicationfiles
A36: Publication | B36: statistics | C36: 1 | E36: mx-3 col-9 justify-content-md-center | F36: metrics
A37: Publication | B37: statistics | C37: 2 | E37: mx-3 col-9 justify-content-md-center | F37: usagemetrics
A38: Publication | B38: statistics | C38: 3 | E38: mx-3 col-9 justify-content-md-center | F38: allmetrics
A39: Publication | B39: versions | C39: 1 | D39: mt-5 | F39: versioning
A40: Publication | B40: articlemain | C40: 1 | E40: col-12 | F40: articleheading
A41: Publication | B41: articlemain | C41: 2 | D41: p-4 | E41: col-12 | F41: abstract
A42: Publication | B42: articlemain | C42: 3 | D42: p-4 | E42: col-12 | F42: citations
A43: Publication | B43: articlemain | C43: 4 | E43: col-12 text-center | F43: handle
A44: Publication | B44: articledetails | C44: 1 | E44: col-12 | F44: articledetails
A45: Publication | B45: bookmain | C45: 1 | E45: col-12 | F45: bookheading
A46: Publication | B46: bookmain | C46: 2 | D46: p-4 | E46: col-12 | F46: abstract
A47: Publication | B47: bookmain | C47: 3 | D47: p-4 | E47: col-12 | F47: citations
A48: Publication | B48: bookmain | C48: 4 | E48: col-12 text-center | F48: handle
A49: Publication | B49: bookdetails | C49: 1 | E49: col-12 | F49: bookdetails
A50: Publication | B50: conferencemain | C50: 1 | E50: col-12 | F50: conferenceheading
A51: Publication | B51: conferencemain | C51: 2 | D51: p-4 | E51: col-12 | F51: abstract
A52: Publication | B52: conferencemain | C52: 3 | D52: p-4 | E52: col-12 | F52: citations
A53: Publication | B53: conferencemain | C53: 4 | E53: col-12 text-center | F53: handle
A54: Publication | B54: conferencedetails | C54: 1 | E54: col-12 | F54: conferencedetails
A55: Publication | B55: mediamain | C55: 1 | E55: col-12 | F55: mediaheading
A56: Publication | B56: mediamain | C56: 2 | D56: p-4 | E56: col-12 | F56: abstract
A57: Publication | B57: mediamain | C57: 3 | D57: p-4 | E57: col-12 | F57: citations
A58: Publication | B58: mediamain | C58: 4 | E58: col-12 text-center | F58: handle
A59: Publication | B59: mediadetails | C59: 1 | E59: col-12 | F59: mediadetails
A60: Publication | B60: preprintmain | C60: 1 | E60: col-12 | F60: preprintheading
A61: Publication | B61: preprintmain | C61: 2 | D61: p-4 | E61: col-12 | F61: abstract
A62: Publication | B62: preprintmain | C62: 3 | D62: p-4 | E62: col-12 | F62: citations
A63: Publication | B63: preprintmain | C63: 4 | E63: col-12 text-center | F63: handle
A64: Publication | B64: preprintdetails | C64: 1 | E64: col-12 | F64: preprintdetails
A65: Publication | B65: reportmain | C65: 1 | E65: col-12 | F65: reportheading
A66: Publication | B66: reportmain | C66: 2 | D66: p-4 | E66: col-12 | F66: abstract
A67: Publication | B67: reportmain | C67: 3 | D67: p-4 | E67: col-12 | F67: citations
A68: Publication | B68: reportmain | C68: 4 | E68: col-12 text-center | F68: handle
A69: Publication | B69: reportdetails | C69: 1 | E69: col-12 | F69: reportdetails
A70: Publication | B70: studentmain | C70: 1 | E70: col-12 | F70: studentheading
A71: Publication | B71: studentmain | C71: 2 | D71: p-4 | E71: col-12 | F71: abstract
A72: Publication | B72: studentmain | C72: 3 | D72: p-4 | E72: col-12 | F72: citations
A73: Publication | B73: studentmain | C73: 4 | E73: col-12 text-center | F73: handle
A74: Publication | B74: studentdetails | C74: 1 | E74: col-12 | F74: studentdetails
A75: Publication | B75: thesismain | C75: 1 | E75: col-12 | F75: thesisheading
A76: Publication | B76: thesismain | C76: 2 | D76: p-4 | E76: col-12 | F76: abstract
A77: Publication | B77: thesismain | C77: 3 | D77: p-4 | E77: col-12 | F77: citations
A78: Publication | B78: thesismain | C78: 4 | E78: col-12 text-center | F78: handle
A79: Publication | B79: thesisdetails | C79: 1 | E79: col-12 | F79: thesisdetails
A80: Product | B80: files | C80: 1 | F80: productfiles
A81: Product | B81: statistics | C81: 1 | D81: p-4 | E81: mx-3 col-9 justify-content-md-center | F81: usagemetrics
A82: Product | B82: statistics | C82: 2 | D82: p-4 | E82: mx-3 col-9 justify-content-md-center | F82: allmetrics
A83: Product | B83: versions | C83: 1 | D83: mt-5 | F83: versioning
A84: Product | B84: teachingmain | C84: 1 | E84: col-12 | F84: teachingheading
A85: Product | B85: teachingmain | C85: 2 | D85: p-4 | E85: col-12 | F85: abstract
A86: Product | B86: teachingmain | C86: 3 | E86: col-12 text-center | F86: handle
A87: Product | B87: teachingdetails | C87: 1 | E87: col-12 | F87: teachingdetails
A88: Product | B88: datasetmain | C88: 1 | E88: col-12 | F88: datasetheading
A89: Product | B89: datasetmain | C89: 2 | D89: p-4 | E89: col-12 | F89: abstract
A90: Product | B90: datasetmain | C90: 3 | E90: col-12 text-center | F90: handle
A91: Product | B91: datasetdetails | C91: 1 | E91: col-12 | F91: datasetdetails
A92: Product | B92: designmain | C92: 1 | E92: col-12 | F92: designheading
A93: Product | B93: designmain | C93: 2 | D93: p-4 | E93: col-12 | F93: abstract
A94: Product | B94: designmain | C94: 3 | E94: col-12 text-center | F94: handle
A95: Product | B95: designdetails | C95: 1 | E95: col-12 | F95: designdetails
A96: Patent | B96: files | C96: 1 | F96: patentfiles
A97: Patent | B97: patentmain | C97: 1 | E97: col-12 | F97: patentheading
A98: Patent | B98: patentmain | C98: 2 | D98: p-4 | E98: col-12 | F98: abstract
A99: Patent | B99: patentmain | C99: 3 | E99: col-12 text-center | F99: handle
A100: Patent | B100: patentdetails | C100: 1 | E100: col-12 | F100: patentdetails
...

Sheet box
A1: ENTITY | B1: COLLAPSED | C1: TYPE | D1: SHORTNAME | E1: LABEL | F1: CONTAINER | G1: MINOR | H1: SECURITY | I1: STYLE
A2: Content | B2: n | C2: METADATA | D2: heading | F2: n | G2: n | H2: PUBLIC
A3: Content | B3: n | C3: METADATA | D3: details | F3: n | G3: n | H3: PUBLIC
A4: VirtualCollection | B4: n | C4: METADATA | D4: title | F4: n | G4: n | H4: PUBLIC
A5: VirtualCollection | B5: n | C5: METADATA | D5: details | E5: Details | F5: n | G5: n | H5: PUBLIC
A6: VirtualCollection | B6: n | C6: RELATION | D6: publications | E6: Publications | F6: n | G6: n | H6: PUBLIC
A7: Person | B7: n | C7: METADATA | D7: heading | F7: n | G7: n | H7: PUBLIC | I7: h2
A8: Person | B8: n | C8: METADATA | D8: namecard | F8: n | G8: n | H8: PUBLIC | I8: item-detail
A9: Person | B9: n | C9: RELATION | D9: researchoutputs | F9: n | G9: n | H9: PUBLIC
A10: Person | B10: n | C10: RELATION | D10: editedresearchoutputs | F10: n | G10: n | H10: PUBLIC
A11: Person | B11: n | C11: METRICS | D11: usagemetrics | E11: Usage metrics | F11: n | G11: n | H11: PUBLIC
A12: Person | B12: n | C12: METRICS | D12: metrics | E12: Metrics | F12: n | G12: n | H12: PUBLIC
A13: Person | B13: n | C13: METRICS | D13: gscholar | E13: Google Scholar | F13: n | G13: n | H13: PUBLIC
A14: Person | B14: n | C14: METADATA | D14: researcherprofile | E14: Profile | F14: n | G14: n | H14: PUBLIC
A15: Person | B15: n | C15: RELATION | D15: projects | E15: Projects | F15: n | G15: n | H15: PUBLIC
A16: Person | B16: n | C16: METADATA | D16: secure | E16: Secured box | F16: n | G16: y | H16: CUSTOM DATA
A17: OrgUnit | B17: n | C17: METADATA | D17: heading | F17: n | G17: n | H17: PUBLIC | I17: h2
A18: OrgUnit | B18: n | C18: METADATA | D18: details | E18: Details | F18: n | G18: n | H18: PUBLIC | I18: item-detail
A19: OrgUnit | B19: n | C19: METADATA | D19: description | E19: Description | F19: n | G19: n | H19: PUBLIC
A20: OrgUnit | B20: n | C20: RELATION | D20: organizations | E20: Affiliated EPFL Units | F20: n | G20: n | H20: PUBLIC
A21: OrgUnit | B21: n | C21: RELATION | D21: publications | E21: Scholarly works | F21: n | G21: n | H21: PUBLIC
A22: OrgUnit | B22: n | C22: RELATION | D22: projects | E22: OrgUnit funded Projects | F22: n | G22: n | H22: PUBLIC
A23: OrgUnit | B23: n | C23: RELATION | D23: rpprojects | E23: OrgUnit's Researchers projects | F23: n | G23: n | H23: PUBLIC
A24: OrgUnit | B24: n | C24: RELATION | D24: people | E24: Members | F24: n | G24: n | H24: PUBLIC
A25: Journal | B25: n | C25: METADATA | D25: heading | F25: n | G25: n | H25: PUBLIC
A26: Journal | B26: n | C26: METADATA | D26: details | F26: n | G26: n | H26: PUBLIC | I26: item-detail
A27: Journal | B27: n | C27: METADATA | D27: description | E27: Description | F27: n | G27: n | H27: PUBLIC
A28: Journal | B28: n | C28: METRICS | D28: metrics | F28: n | G28: n | H28: PUBLIC
A29: Journal | B29: n | C29: RELATION | D29: researchoutputs | E29: Scholarly works | F29: n | G29: n | H29: PUBLIC
A30: Event | B30: n | C30: METADATA | D30: heading | F30: n | G30: n | H30: PUBLIC
A31: Event | B31: n | C31: METADATA | D31: details | F31: n | G31: n | H31: PUBLIC | I31: item-detail
A32: Event | B32: n | C32: METADATA | D32: description | E32: Description | F32: n | G32: n | H32: PUBLIC
A33: Event | B33: n | C33: METRICS | D33: metrics | F33: n | G33: n | H33: PUBLIC
A34: Event | B34: n | C34: RELATION | D34: researchoutputs | E34: Scholarly works | F34: n | G34: n | H34: PUBLIC
A35: Publication | B35: n | C35: METADATA | D35: abstract | F35: n | G35: n | H35: PUBLIC
A36: Publication | B36: n | C36: METADATA | D36: handle | F36: n | G36: n | H36: PUBLIC | I36: p-3 justify-content-md-center
A37: Publication | B37: n | C37: METADATA | D37: publicationfiles | F37: n | G37: n | H37: PUBLIC
A38: Publication | B38: n | C38: METRICS | D38: usagemetrics | F38: n | G38: n | H38: PUBLIC
A39: Publication | B39: n | C39: METRICS | D39: metrics | F39: n | G39: n | H39: PUBLIC
A40: Publication | B40: n | C40: METRICS | D40: allmetrics | F40: n | G40: n | H40: PUBLIC
A41: Publication | B41: n | C41: VERSIONING | D41: versioning | F41: n | G41: n | H41: PUBLIC
A42: Publication | B42: n | C42: METADATA | D42: articleheading | F42: n | G42: n | H42: PUBLIC
A43: Publication | B43: n | C43: METADATA | D43: articledetails | F43: n | G43: n | H43: PUBLIC | I43: item-detail
A44: Publication | B44: n | C44: METADATA | D44: bookheading | F44: n | G44: n | H44: PUBLIC
A45: Publication | B45: n | C45: METADATA | D45: bookdetails | F45: n | G45: n | H45: PUBLIC | I45: item-detail
A46: Publication | B46: n | C46: METADATA | D46: conferenceheading | F46: n | G46: n | H46: PUBLIC
A47: Publication | B47: n | C47: METADATA | D47: conferencedetails | F47: n | G47: n | H47: PUBLIC | I47: item-detail
A48: Publication | B48: n | C48: METADATA | D48: mediaheading | F48: n | G48: n | H48: PUBLIC
A49: Publication | B49: n | C49: METADATA | D49: mediadetails | F49: n | G49: n | H49: PUBLIC | I49: item-detail
A50: Publication | B50: n | C50: METADATA | D50: preprintheading | F50: n | G50: n | H50: PUBLIC
A51: Publication | B51: n | C51: METADATA | D51: preprintdetails | F51: n | G51: n | H51: PUBLIC | I51: item-detail
A52: Publication | B52: n | C52: METADATA | D52: reportheading | F52: n | G52: n | H52: PUBLIC
A53: Publication | B53: n | C53: METADATA | D53: reportdetails | F53: n | G53: n | H53: PUBLIC | I53: item-detail
A54: Publication | B54: n | C54: METADATA | D54: studentheading | F54: n | G54: n | H54: PUBLIC
A55: Publication | B55: n | C55: METADATA | D55: studentdetails | F55: n | G55: n | H55: PUBLIC | I55: item-detail
A56: Publication | B56: n | C56: METADATA | D56: thesisheading | F56: n | G56: n | H56: PUBLIC
A57: Publication | B57: n | C57: METADATA | D57: thesisdetails | F57: n | G57: n | H57: PUBLIC | I57: item-detail
A58: Product | B58: n | C58: METADATA | D58: abstract | F58: n | G58: n | H58: PUBLIC
A59: Product | B59: n | C59: METADATA | D59: handle | F59: n | G59: n | H59: PUBLIC | I59: p-3 justify-content-md-center
A60: Product | B60: n | C60: METADATA | D60: productfiles | F60: n | G60: n | H60: PUBLIC
A61: Product | B61: n | C61: METRICS | D61: usagemetrics | F61: n | G61: n | H61: PUBLIC
A62: Product | B62: n | C62: METRICS | D62: allmetrics | F62: n | G62: n | H62: PUBLIC
A63: Product | B63: n | C63: VERSIONING | D63: versioning | F63: n | G63: n | H63: PUBLIC
A64: Product | B64: n | C64: METADATA | D64: teachingheading | F64: n | G64: n | H64: PUBLIC
A65: Product | B65: n | C65: METADATA | D65: teachingdetails | F65: n | G65: n | H65: PUBLIC | I65: item-detail
A66: Product | B66: n | C66: METADATA | D66: datasetheading | F66: n | G66: n | H66: PUBLIC
A67: Product | B67: n | C67: METADATA | D67: datasetdetails | F67: n | G67: n | H67: PUBLIC | I67: item-detail
A68: Product | B68: n | C68: METADATA | D68: designheading | F68: n | G68: n | H68: PUBLIC
A69: Product | B69: n | C69: METADATA | D69: designdetails | F69: n | G69: n | H69: PUBLIC | I69: item-detail
A70: Patent | B70: n | C70: METADATA | D70: abstract | F70: n | G70: n | H70: PUBLIC
A71: Patent | B71: n | C71: METADATA | D71: handle | F71: n | G71: n | H71: PUBLIC | I71: p-3 justify-content-md-center
A72: Patent | B72: n | C72: METADATA | D72: patentfiles | F72: n | G72: n | H72: PUBLIC
A73: Patent | B73: n | C73: METADATA | D73: patentheading | F73: n | G73: n | H73: PUBLIC
A74: Patent | B74: n | C74: METADATA | D74: patentdetails | F74: n | G74: n | H74: PUBLIC | I74: item-detail
A75: Patent | B75: n | C75: METRICS | D75: usagemetrics | F75: n | G75: n | H75: PUBLIC
A76: Patent | B76: n | C76: VERSIONING | D76: versioning | F76: n | G76: n | H76: PUBLIC
A77: Project | B77: n | C77: METADATA | D77: primarydata | E77: Primary Data | F77: y | G77: n | H77: PUBLIC
A78: Project | B78: n | C78: METADATA | D78: description | E78: Description | F78: y | G78: n | H78: PUBLIC
A79: Project | B79: n | C79: METRICS | D79: metrics | E79: Metrics | F79: y | G79: n | H79: PUBLIC
A80: Project | B80: n | C80: RELATION | D80: researchoutputs | E80: Publications | F80: y | G80: n | H80: PUBLIC
A81: Project | B81: n | C81: RELATION | D81: fundings | E81: Fundings | F81: y | G81: n | H81: PUBLIC
A82: Equipment | B82: n | C82: METADATA | D82: details | E82: Equipment description | F82: y | G82: n | H82: PUBLIC
A83: Equipment | B83: n | C83: METRICS | D83: metrics | E83: Metrics | F83: y | G83: n | H83: PUBLIC
A84: Funding | B84: n | C84: METADATA | D84: primarydata | E84: Primary Data | F84: y | G84: n | H84: PUBLIC
A85: Funding | B85: n | C85: METADATA | D85: financialdata | E85: Financial Data | F85: y | G85: n | H85: CUSTOM DATA
A86: Funding | B86: n | C86: METRICS | D86: metrics | E86: Metrics | F86: y | G86: n | H86: PUBLIC
A87: Publication | B87: n | C87: CITATIONS | D87: citations | F87: n | G87: n | H87: PUBLIC

Sheet box2hierarchicalvocabulary
A1: ENTITY | B1: BOX | C1: VOCABULARY | D1: METADATA

Sheet box2metadata
A1: ENTITY | B1: BOX | C1: ROW | D1: CELL | E1: FIELDTYPE | F1: METADATA | G1: VALUE | H1: BUNDLE | I1: LABEL | J1: LABEL_AS_HEADING | K1: RENDERING | L1: VALUES_INLINE | M1: ROW_STYLE | N1: CELL_STYLE | O1: STYLE_LABEL | P1: STYLE_VALUE
A2: Content | B2: heading | C2: 1 | D2: 1 | E2: METADATA | F2: dc.title | J2: n | K2: heading | L2: n | N2: col-10 px-2 | P2: h2
A3: Content | B3: details | C3: 1 | D3: 1 | E3: METADATA | F3: dc.description | J3: n | K3: markdown | L3: n | N3: col-12 p-3 | O3: font-weight-bold col-3
A4: Content | B4: details | C4: 2 | D4: 1 | E4: METADATAGROUP | F4: epfl.content.link | J4: n | K4: table | L4: n | N4: pt-3 | O4: font-weight-bold col-3
A5: Content | B5: details | C5: 3 | D5: 1 | E5: BITSTREAM | F5: dc.type | G5: !logo | H5: ORIGINAL | J5: n | K5: advancedattachment | L5: n | N5: p-3 | O5: font-weight-bold col-3
A6: VirtualCollection | B6: title | C6: 1 | D6: 1 | E6: METADATA | F6: dc.title | J6: y | K6: heading | L6: n | O6: font-weight-bold col-3
A7: VirtualCollection | B7: details | C7: 1 | D7: 1 | E7: METADATA | F7: dc.description | J7: n | K7: markdown | L7: n | N7: py-2 | O7: font-weight-bold col-3
A8: Person | B8: heading | C8: 1 | D8: 1 | E8: METADATA | F8: dc.title | J8: n | K8: heading | L8: n | O8: font-weight-bold col-3 | P8: h2
A9: Person | B9: namecard | C9: 2 | D9: 1 | E9: BITSTREAM | F9: dc.type | G9: personal picture | H9: ORIGINAL | J9: n | K9: thumbnail | L9: n | N9: col-lg-2 col-sm-3 col-1 | O9: font-weight-bold col-3 | P9: float-left d-none d-md-block
A10: Person | B10: namecard | C10: 2 | D10: 2 | E10: METADATA | F10: dc.title | I10: Name | J10: n | L10: n | O10: font-weight-bold text-left text-md-right p-0 | P10: text-muted flex-sm-shrink-1 pl-1
A11: Person | B11: namecard | C11: 2 | D11: 2 | E11: METADATA | F11: crisrp.name | I11: Official Name | J11: n | L11: n | O11: font-weight-bold text-left text-md-right p-0 | P11: text-muted flex-sm-shrink-1 pl-1
A12: Person | B12: namecard | C12: 2 | D12: 2 | E12: METADATA | F12: crisrp.name.translated | I12: Translated name | J12: n | L12: n | O12: font-weight-bold text-left text-md-right p-0 | P12: text-muted flex-sm-shrink-1 pl-1
A13: Person | B13: namecard | C13: 2 | D13: 2 | E13: METADATA | F13: person.jobTitle | I13: Main position | J13: n | L13: n | O13: font-weight-bold text-left text-md-right p-0 | P13: text-muted flex-sm-shrink-1 pl-1
A14: Person | B14: namecard | C14: 2 | D14: 2 | E14: METADATA | F14: person.affiliation.name | I14: Main EPFL affiliation | J14: n | K14: crisref | L14: n | O14: font-weight-bold text-left text-md-right p-0 | P14: text-muted flex-sm-shrink-1 pl-1
A15: Person | B15: namecard | C15: 2 | D15: 2 | E15: METADATA | F15: person.email | I15: Email | J15: n | K15: crisref.email | L15: n | O15: font-weight-bold text-left text-md-right p-0 | P15: text-muted flex-sm-shrink-1 pl-1
A16: Person | B16: namecard | C16: 2 | D16: 2 | E16: METADATA | F16: person.identifier.orcid | I16: ORCID | J16: n | K16: orcid | L16: n | O16: font-weight-bold text-left text-md-right p-0 | P16: text-muted flex-sm-shrink-1 pl-1
A17: Person | B17: namecard | C17: 2 | D17: 2 | E17: METADATA | F17: person.identifier.openalex | I17: OpenAlexID | J17: n | K17: link | L17: n | O17: font-weight-bold text-left text-md-right p-0 | P17: text-muted flex-sm-shrink-1 pl-1
A18: Person | B18: namecard | C18: 2 | D18: 2 | E18: METADATA | F18: person.identifier.scopus-author-id | I18: ScopusID | J18: n | K18: identifier.scopus | L18: n | O18: font-weight-bold text-left text-md-right p-0 | P18: text-muted flex-sm-shrink-1 pl-1
A19: Person | B19: namecard | C19: 2 | D19: 2 | E19: METADATA | F19: person.identifier.rid | I19: ResearcherID | J19: n | K19: identifier.researcherid | L19: n | O19: font-weight-bold text-left text-md-right p-0 | P19: text-muted flex-sm-shrink-1 pl-1
A20: Person | B20: namecard | C20: 2 | D20: 2 | E20: METADATA | F20: epfl.sciper.active | I20: EPFL member | J20: n | K20: valuepair.person_status | L20: n | O20: font-weight-bold text-left text-md-right p-0 | P20: flex-sm-shrink-1 pl-1 badge badge-primary
A21: Person | B21: researcherprofile | C21: 1 | D21: 1 | E21: METADATA | F21: dc.description.abstract | I21: Biography | J21: n | K21: markdown | L21: n
A22: Person | B22: researcherprofile | C22: 2 | D22: 1 | E22: METADATA | F22: dc.subject | I22: Research Interests | J22: n | K22: tag | L22: n | O22: font-weight-bold col-3 | P22: small
A23: Person | B23: researcherprofile | C23: 3 | D23: 1 | E23: METADATA | F23: oairecerif.identifier.url | I23: Personal website | J23: n | K23: link | L23: n | N23: pt-2 | O23: font-weight-bold col-3 | P23: text-break
A24: Person | B24: researcherprofile | C24: 4 | D24: 1 | E24: METADATAGROUP | F24: oairecerif.person.affiliation | I24: EPFL affiliations | J24: n | K24: table | L24: n | N24: pt-4 | O24: font-weight-bold col-3
A25: Person | B25: secure | C25: 1 | D25: 1 | E25: METADATA | F25: cris.policy.eperson | J25: n | L25: n | O25: font-weight-bold col-3
A26: OrgUnit | B26: heading | C26: 1 | D26: 1 | E26: METADATA | F26: dc.title | J26: n | K26: heading | L26: n | O26: font-weight-bold col-3 | P26: h2
A27: OrgUnit | B27: details | C27: 1 | D27: 1 | E27: BITSTREAM | F27: dc.type | G27: logo | H27: ORIGINAL | J27: n | K27: thumbnail | L27: n | N27: col-lg-2 col-sm-3 col-1 | O27: font-weight-bold col-3 | P27: float-left d-none d-md-block
A28: OrgUnit | B28: details | C28: 1 | D28: 2 | E28: METADATA | F28: oairecerif.acronym | I28: Acronym | J28: n | L28: n | O28: font-weight-bold text-left text-md-right p-0 | P28: text-muted flex-sm-shrink-1 pl-1
A29: OrgUnit | B29: details | C29: 1 | D29: 2 | E29: METADATA | F29: epfl.unit.alias | I29: Other aliases | J29: n | L29: n | O29: font-weight-bold text-left text-md-right p-0 | P29: text-muted flex-sm-shrink-1 pl-1
A30: OrgUnit | B30: details | C30: 1 | D30: 2 | E30: METADATA | F30: crisou.director | I30: Director | J30: n | K30: crisref | L30: n | O30: font-weight-bold text-left text-md-right p-0 | P30: text-muted flex-sm-shrink-1 pl-1
A31: OrgUnit | B31: details | C31: 1 | D31: 2 | E31: METADATA | F31: organization.parentOrganization | I31: Parent unit | J31: n | K31: crisref | L31: n | O31: font-weight-bold text-left text-md-right p-0 | P31: text-muted flex-sm-shrink-1 pl-1
A32: OrgUnit | B32: details | C32: 1 | D32: 2 | E32: METADATA | F32: organization.foundingDate | I32: Founding date | J32: n | K32: date | L32: n | O32: font-weight-bold text-left text-md-right p-0 | P32: text-muted flex-sm-shrink-1 pl-1
A33: OrgUnit | B33: details | C33: 1 | D33: 2 | E33: METADATA | F33: organization.closingDate | I33: Closing date | J33: n | K33: date | L33: n | O33: font-weight-bold text-left text-md-right p-0 | P33: text-muted flex-sm-shrink-1 pl-1
A34: OrgUnit | B34: details | C34: 1 | D34: 2 | E34: METADATA | F34: oairecerif.identifier.url | I34: Website | J34: n | K34: link | L34: n | O34: font-weight-bold text-left text-md-right p-0 | P34: text-muted flex-sm-shrink-1 pl-1 text-break
A35: OrgUnit | B35: details | C35: 1 | D35: 2 | E35: METADATA | F35: epfl.orgUnit.active | I35: Status | J35: n | K35: valuepair.orgunit_status | L35: n | O35: font-weight-bold text-left text-md-right p-0 | P35: flex-sm-shrink-1 pl-1 badge badge-primary
A36: OrgUnit | B36: description | C36: 1 | D36: 1 | E36: METADATA | F36: dc.description.abstract | J36: y | K36: markdown | L36: n | N36: pt-3
A37: Journal | B37: heading | C37: 1 | D37: 1 | E37: METADATA | F37: dc.title | J37: n | K37: heading | L37: n | O37: font-weight-bold col-3 | P37: h2
A38: Journal | B38: details | C38: 1 | D38: 1 | E38: BITSTREAM | F38: dc.type | G38: logo | H38: ORIGINAL | J38: n | K38: thumbnail | L38: n | N38: col-lg-2 col-sm-3 col-1 | O38: font-weight-bold col-3 | P38: float-left d-none d-md-block
A39: Journal | B39: details | C39: 1 | D39: 2 | E39: METADATA | F39: dc.publisher | I39: Publisher | J39: n | L39: n | O39: font-weight-bold text-left text-md-right p-0 | P39: text-muted flex-sm-shrink-1 pl-1
A40: Journal | B40: details | C40: 1 | D40: 2 | E40: METADATA | F40: dc.identifier.issn | I40: ISSN | J40: n | L40: n | O40: font-weight-bold text-left text-md-right p-0 | P40: text-muted flex-sm-shrink-1 pl-1
A41: Journal | B41: details | C41: 1 | D41: 2 | E41: METADATA | F41: dc.subject | I41: Keywords | J41: n | K41: tag | L41: n | O41: font-weight-bold text-left text-md-right p-0 | P41: text-muted flex-sm-shrink-1 pl-1 small
A42: Journal | B42: description | C42: 1 | D42: 1 | E42: METADATA | F42: dc.description | J42: y | K42: longtext | L42: n | O42: font-weight-bold col-3
A43: Event | B43: heading | C43: 1 | D43: 1 | E43: METADATA | F43: dc.title | J43: n | K43: heading | L43: n | O43: font-weight-bold col-3 | P43: h2
A44: Event | B44: details | C44: 2 | D44: 1 | E44: METADATA | F44: dc.type | I44: Event type | J44: n | L44: n | O44: font-weight-bold text-left text-md-right p-0 | P44: text-muted flex-sm-shrink-1 pl-1
A45: Event | B45: details | C45: 2 | D45: 1 | E45: METADATA | F45: oairecerif.acronym | I45: Event acronym | J45: n | L45: n | O45: font-weight-bold text-left text-md-right p-0 | P45: text-muted flex-sm-shrink-1 pl-1
A46: Event | B46: details | C46: 2 | D46: 1 | E46: METADATA | F46: oaire.citation.conferenceDate | I46: Event date | J46: n | L46: n | O46: font-weight-bold text-left text-md-right p-0 | P46: text-muted flex-sm-shrink-1 pl-1
A47: Event | B47: details | C47: 2 | D47: 1 | E47: METADATA | F47: oairecerif.event.place | I47: Event location | J47: n | L47: n | O47: font-weight-bold text-left text-md-right p-0 | P47: text-muted flex-sm-shrink-1 pl-1
A48: Event | B48: details | C48: 2 | D48: 1 | E48: METADATA | F48: dc.subject | I48: Topics | J48: n | K48: tag | L48: n | O48: font-weight-bold text-left text-md-right p-0 | P48: text-muted flex-sm-shrink-1 pl-1 small
A49: Event | B49: description | C49: 1 | D49: 1 | E49: METADATA | F49: dc.description.abstract | J49: y | K49: markdown | L49: n
A50: Publication | B50: abstract | C50: 1 | D50: 1 | E50: METADATA | F50: dc.description.abstract | J50: y | K50: markdown | L50: n | P50: item-detail py-1
A51: Publication | B51: publicationfiles | C51: 1 | D51: 1 | E51: BITSTREAM | F51: dc.type | G51: !thumbnail | H51: ORIGINAL | J51: n | K51: advancedattachment | L51: n
A52: Publication | B52: articleheading | C52: 1 | D52: 1 | E52: BITSTREAM | F52: dc.type | G52: *thumbnail | H52: ORIGINAL | J52: n | K52: thumbnail | L52: n | N52: col-md-2 col-sm-3 col-1 | P52: float-left d-none d-md-block
A53: Publication | B53: articleheading | C53: 1 | D53: 2 | E53: METADATA | F53: dc.type | J53: n | K53: valuepair.article-coar-types | L53: n | N53: col-md-10 | P53: badge badge-primary text-wrap
A54: Publication | B54: articleheading | C54: 1 | D54: 2 | E54: METADATA | F54: dc.title | J54: y | K54: markdown | L54: n | P54: h4
A55: Publication | B55: articleheading | C55: 1 | D55: 2 | E55: METADATA | F55: dc.contributor.author | J55: n | K55: crisref.first3 | L55: y | P55: h5
A56: Publication | B56: articleheading | C56: 1 | D56: 2 | E56: METADATAGROUP | F56: dc.relation.journal | J56: y | K56: inline | L56: y | P56: badge badge-info text-wrap
A57: Publication | B57: articledetails | C57: 1 | D57: 1 | E57: METADATA | F57: dc.type | I57: Resource Type | J57: n | K57: valuepair.article-coar-types | L57: n | O57: font-weight-bold col-lg-2 col-3 text-left text-md-right p-0 pl-2 | P57: text-muted p-0
A58: Publication | B58: articledetails | C58: 2 | D58: 1 | E58: METADATA | F58: dc.identifier.doi | I58: DOI | J58: n | K58: identifier.doi | L58: n | O58: font-weight-bold col-lg-2 col-3 text-left text-md-right p-0 pl-2 | P58: text-muted p-0 text-break
A59: Publication | B59: articledetails | C59: 3 | D59: 1 | E59: METADATA | F59: dc.identifier.isi | I59: Web of Science ID | J59: n | L59: n | O59: font-weight-bold col-lg-2 col-3 text-left text-md-right p-0 pl-2 | P59: text-muted p-0 text-break
A60: Publication | B60: articledetails | C60: 4 | D60: 1 | E60: METADATA | F60: dc.identifier.scopus | I60: Scopus ID | J60: n | L60: n | O60: font-weight-bold col-lg-2 col-3 text-left text-md-right p-0 pl-2 | P60: text-muted p-0 text-break
A61: Publication | B61: articledetails | C61: 5 | D61: 1 | E61: METADATA | F61: dc.identifier.pmid | I61: PubMed ID | J61: n | L61: n | O61: font-weight-bold col-lg-2 col-3 text-left text-md-right p-0 pl-2 | P61: text-muted p-0 text-break
A62: Publication | B62: articledetails | C62: 6 | D62: 1 | E62: METADATA | F62: dc.identifier.arxiv | I62: ArXiv ID | J62: n | L62: n | O62: font-weight-bold col-lg-2 col-3 text-left text-md-right p-0 pl-2 | P62: text-muted p-0 text-break
A63: Publication | B63: articledetails | C63: 7 | D63: 1 | E63: METADATA | F63: dc.identifier.isbn | I63: ISBN | J63: n | L63: n | O63: font-weight-bold col-lg-2 col-3 text-left text-md-right p-0 pl-2 | P63: text-muted p-0 text-break
A64: Publication | B64: articledetails | C64: 8 | D64: 1 | E64: METADATAGROUP | F64: dc.contributor.author | I64: Authors | J64: n | K64: inline.first10 | L64: n | N64: pt-2 | O64: font-weight-bold col-lg-2 col-3 text-left text-md-right p-0 pl-2 | P64: text-muted p-0 table_row_value
A65: Publication | B65: articledetails | C65: 9 | D65: 1 | E65: METADATA | F65: dc.contributor.scientificeditor | I65: Editors | J65: n | K65: crisref.first10 | L65: y | O65: font-weight-bold col-lg-2 col-3 text-left text-md-right p-0 pl-2 | P65: text-muted p-0
A66: Publication | B66: articledetails | C66: 10 | D66: 1 | E66: METADATA | F66: dc.contributor | I66: Corporate authors | J66: n | K66: crisref.first10 | L66: y | O66: font-weight-bold col-lg-2 col-3 text-left text-md-right p-0 pl-2 | P66: text-muted p-0
A67: Publication | B67: articledetails | C67: 11 | D67: 1 | E67: METADATA | F67: dc.date.issued | I67: Publication date | J67: n | L67: n | O67: font-weight-bold col-lg-2 col-3 text-left text-md-right p-0 pl-2 | P67: text-muted p-0
A68: Publication | B68: articledetails | C68: 12 | D68: 1 | E68: METADATA | F68: dc.publisher | I68: Publisher | J68: n | K68: search.researchoutputs.publisher | L68: n | O68: font-weight-bold col-lg-2 col-3 text-left text-md-right p-0 pl-2 | P68: text-muted p-0
A69: Publication | B69: articledetails | C69: 13 | D69: 1 | E69: METADATA | F69: dc.relation.journal | I69: Journal title | J69: n | K69: crisref | L69: n | O69: font-weight-bold col-lg-2 col-3 text-left text-md-right p-0 pl-2 | P69: text-muted p-0
A70: Publication | B70: articledetails | C70: 14 | D70: 1 | E70: METADATA | F70: epfl.relation.issuetitle | I70: Special issue title | J70: n | L70: n | O70: font-weight-bold col-lg-2 col-3 text-left text-md-right p-0 pl-2 | P70: text-muted p-0
A71: Publication | B71: articledetails | C71: 15 | D71: 1 | E71: METADATA | F71: oaire.citation.volume | I71: Volume | J71: n | L71: n | O71: font-weight-bold col-lg-2 col-3 text-left text-md-right p-0 pl-2 | P71: text-muted p-0
A72: Publication | B72: articledetails | C72: 16 | D72: 1 | E72: METADATA | F72: oaire.citation.issue | I72: Issue | J72: n | L72: n | O72: font-weight-bold col-lg-2 col-3 text-left text-md-right p-0 pl-2 | P72: text-muted p-0
A73: Publication | B73: articledetails | C73: 17 | D73: 1 | E73: METADATA | F73: oaire.citation.articlenumber | I73: Article Number | J73: n | L73: n | O73: font-weight-bold col-lg-2 col-3 text-left text-md-right p-0 pl-2 | P73: text-muted p-0
A74: Publication | B74: articledetails | C74: 18 | D74: 1 | E74: METADATA | F74: oaire.citation.startPage | I74: Start page | J74: n | L74: n | O74: font-weight-bold col-lg-2 col-3 text-left text-md-right p-0 pl-2 | P74: text-muted p-0
A75: Publication | B75: articledetails | C75: 19 | D75: 1 | E75: METADATA | F75: oaire.citation.endPage | I75: End page | J75: n | L75: n | O75: font-weight-bold col-lg-2 col-3 text-left text-md-right p-0 pl-2 | P75: text-muted p-0
A76: Publication | B76: articledetails | C76: 20 | D76: 1 | E76: METADATA | F76: dc.subject | I76: Subjects | J76: n | K76: search.researchoutputs.subject | L76: y | O76: font-weight-bold col-lg-2 col-3 text-left text-md-right p-0 pl-2 | P76: badge badge-info mb-1 pt-1 pb-0
A77: Publication | B77: articledetails | C77: 21 | D77: 1 | E77: METADATA | F77: dc.description.notes | I77: Note | J77: n | K77: markdown | L77: n | O77: font-weight-bold col-lg-2 col-3 text-left text-md-right p-0 pl-2 | P77: text-muted p-0
A78: Publication | B78: articledetails | C78: 22 | D78: 1 | E78: METADATAGROUP | F78: epfl.url | I78: Additional link | J78: n | K78: inline | L78: n | O78: font-weight-bold col-lg-2 col-3 text-left text-md-right p-0 pl-2 | P78: text-muted p-0 text-break
A79: Publication | B79: articledetails | C79: 23 | D79: 1 | E79: METADATA | F79: epfl.peerreviewed | I79: Peer reviewed | J79: n | L79: n | O79: font-weight-bold col-lg-2 col-3 text-left text-md-right p-0 pl-2 | P79: text-muted p-0
A80: Publication | B80: articledetails | C80: 24 | D80: 1 | E80: METADATA | F80: epfl.writtenAt | I80: Written at | J80: n | L80: n | O80: font-weight-bold col-lg-2 col-3 text-left text-md-right p-0 pl-2 | P80: text-muted p-0
A81: Publication | B81: articledetails | C81: 25 | D81: 1 | E81: METADATA | F81: dc.description.sponsorship | I81: EPFL units | J81: n | K81: crisref.first3 | L81: n | O81: font-weight-bold col-lg-2 col-3 text-left text-md-right p-0 pl-2 | P81: text-muted p-0
A82: Publication | B82: articledetails | C82: 26 | D82: 1 | E82: METADATAGROUP | F82: oairecerif.funder | J82: y | K82: table.first3 | L82: n | M82: row | N82: pt-2 | O82: font-weight-bold col-lg-2 col-3 text-left text-md-right p-0 pl-2 | P82: text-muted
A83: Publication | B83: articledetails | C83: 27 | D83: 1 | E83: METADATAGROUP | F83: datacite.relatedIdentifier | J83: y | K83: table.first3 | L83: n | M83: row | N83: pt-2 | O83: font-weight-bold col-lg-2 col-3 text-left text-md-right p-0 pl-2 | P83: text-muted
A84: Publication | B84: articledetails | C84: 28 | D84: 1 | E84: METADATA | F84: dc.date.available | I84: Available on Infoscience | J84: n | K84: date | L84: n | O84: font-weight-bold col-lg-2 col-3 text-left text-md-right p-0 pl-2 | P84: text-muted p-0
A85: Publication | B85: articledetails | C85: 29 | D85: 1 | E85: METADATA | F85: dc.identifier.uri | I85: Permanent URL | J85: n | K85: link | L85: n | O85: font-weight-bold col-lg-2 col-3 text-left text-md-right p-0 pt-2 pl-2 | P85: text-muted pt-2 text-break
A86: Publication | B86: bookheading | C86: 1 | D86: 1 | E86: BITSTREAM | F86: dc.type | G86: *thumbnail | H86: ORIGINAL | J86: n | K86: thumbnail | L86: n | N86: col-md-2 col-sm-3 col-1 | P86: float-left d-none d-md-block
A87: Publication | B87: bookheading | C87: 1 | D87: 2 | E87: METADATA | F87: dc.type | J87: n | K87: valuepair.book-coar-types | L87: n | N87: col-10 | P87: badge badge-primary text-wrap
A88: Publication | B88: bookheading | C88: 1 | D88: 2 | E88: METADATA | F88: dc.title | J88: y | K88: markdown | L88: n | P88: h4
A89: Publication | B89: bookheading | C89: 1 | D89: 2 | E89: METADATA | F89: dc.contributor.author | J89: n | K89: crisref.first3 | L89: y | P89: h5
A90: Publication | B90: bookheading | C90: 1 | D90: 2 | E90: METADATA | F90: dc.contributor.scientificeditor | J90: n | K90: crisref.first2 | L90: y | P90: h5
A91: Publication | B91: bookheading | C91: 1 | D91: 2 | E91: METADATAGROUP | F91: dc.date.issued | J91: y | K91: inline | L91: y | P91: badge badge-info text-wrap
A92: Publication | B92: bookdetails | C92: 1 | D92: 1 | E92: METADATA | F92: dc.type | I92: Resource Type | J92: n | K92: valuepair.book-coar-types | L92: n | O92: font-weight-bold col-lg-2 col-3 text-left text-md-right p-0 pl-2 | P92: text-muted p-0
A93: Publication | B93: bookdetails | C93: 2 | D93: 1 | E93: METADATA | F93: dc.identifier.isbn | I93: ISBN | J93: n | L93: n | O93: font-weight-bold col-lg-2 col-3 text-left text-md-right p-0 pl-2 | P93: text-muted p-0
A94: Publication | B94: bookdetails | C94: 3 | D94: 1 | E94: METADATA | F94: dc.identifier.doi | I94: DOI | J94: n | K94: identifier.doi | L94: n | O94: font-weight-bold col-lg-2 col-3 text-left text-md-right p-0 pl-2 | P94: text-muted p-0 text-break
A95: Publication | B95: bookdetails | C95: 4 | D95: 1 | E95: METADATA | F95: dc.identifier.isi | I95: Web of Science ID | J95: n | L95: n | O95: font-weight-bold col-lg-2 col-3 text-left text-md-right p-0 pl-2 | P95: text-muted p-0
A96: Publication | B96: bookdetails | C96: 5 | D96: 1 | E96: METADATA | F96: dc.identifier.scopus | I96: Scopus ID | J96: n | L96: n | O96: font-weight-bold col-lg-2 col-3 text-left text-md-right p-0 pl-2 | P96: text-muted p-0
A97: Publication | B97: bookdetails | C97: 6 | D97: 1 | E97: METADATA | F97: dc.identifier.pmid | I97: PubMed ID | J97: n | L97: n | O97: font-weight-bold col-lg-2 col-3 text-left text-md-right p-0 pl-2 | P97: text-muted p-0
A98: Publication | B98: bookdetails | C98: 7 | D98: 1 | E98: METADATA | F98: dc.identifier.arxiv | I98: ArXiv ID | J98: n | L98: n | O98: font-weight-bold col-lg-2 col-3 text-left text-md-right p-0 pl-2 | P98: text-muted p-0
A99: Publication | B99: bookdetails | C99: 8 | D99: 1 | E99: METADATAGROUP | F99: dc.contributor.author | I99: Authors | J99: n | K99: inline.first10 | L99: n | N99: pt-2 | O99: font-weight-bold col-lg-2 col-3 text-left text-md-right p-0 pl-2 | P99: text-muted p-0
A100: Publication | B100: bookdetails | C100: 9 | D100: 1 | E100: METADATA | F100: dc.contributor.scientificeditor | I100: Editors | J100: n | K100: crisref.first10 | L100: y | O100: font-weight-bold col-lg-2 col-3 text-left text-md-right p-0 pl-2 | P100: text-muted p-0
...

Sheet metadatagroups
A1: ENTITY | B1: PARENT | C1: FIELDTYPE | D1: METADATA | E1: VALUE | F1: BUNDLE | G1: LABEL | H1: RENDERING | I1: STYLE_LABEL | J1: STYLE_VALUE
A2: Content | B2: epfl.content.link | C2: METADATA | D2: epfl.content.linkdescription | G2: Description | H2: text | I2: font-weight-bold
A3: Content | B3: epfl.content.link | C3: METADATA | D3: epfl.content.link | G3: Link | H3: link | I3: font-weight-bold
A4: Person | B4: oairecerif.person.affiliation | C4: METADATA | D4: oairecerif.affiliation.role | G4: Position | H4: text | I4: font-weight-bold
A5: Person | B5: oairecerif.person.affiliation | C5: METADATA | D5: oairecerif.person.affiliation | G5: EPFL Unit | H5: crisref | I5: font-weight-bold
A6: Person | B6: oairecerif.person.affiliation | C6: METADATA | D6: oairecerif.affiliation.endDate | G6: Affiliation end date | H6: date | I6: font-weight-bold
A7: Publication | B7: dc.date.issued | C7: METADATA | D7: dc.date.issued | H7: date | I7: font-weight-bold
A8: Publication | B8: dc.date.issued | C8: METADATA | D8: dc.relation.ispartof | H8: crisref | I8: font-weight-bold
A9: Publication | B9: dc.relation.journal | C9: METADATA | D9: dc.date.issued | H9: date | I9: font-weight-bold
A10: Publication | B10: dc.relation.journal | C10: METADATA | D10: dc.relation.journal | H10: crisref | I10: font-weight-bold
A11: Publication | B11: epfl.url | C11: METADATA | D11: epfl.url.description | G11: Additional link | H11: text | I11: font-weight-bold
A12: Publication | B12: epfl.url | C12: METADATA | D12: epfl.url | H12: link | I12: font-weight-bold
A13: Publication | B13: oairecerif.funder | C13: METADATA | D13: oairecerif.funder | G13: Funder | I13: font-weight-bold
A14: Publication | B14: oairecerif.funder | C14: METADATA | D14: dc.relation.funding | G14: Grant Name | I14: font-weight-bold
A15: Publication | B15: oairecerif.funder | C15: METADATA | D15: dc.relation.grantno | G15: Grant Number | I15: font-weight-bold
A16: Publication | B16: oairecerif.funder | C16: METADATA | D16: crisfund.award.uri | G16: Grant URL | H16: link | I16: font-weight-bold
A17: Publication | B17: dc.contributor.author | C17: METADATA | D17: dc.contributor.author | H17: crisref | I17: font-weight-bold
A18: Publication | B18: dc.contributor.author | C18: METADATA | D18: oairecerif.author.affiliation | I18: font-weight-bold | J18: font-weight-bold
A19: Publication | B19: dc.relation.conference | C19: METADATA | D19: dc.relation.conference | G19: Event name | H19: crisref | I19: font-weight-bold
A20: Publication | B20: dc.relation.conference | C20: METADATA | D20: oairecerif.acronym | G20: Event acronym | I20: font-weight-bold
A21: Publication | B21: dc.relation.conference | C21: METADATA | D21: oaire.citation.conferencePlace | G21: Event place | I21: font-weight-bold
A22: Publication | B22: dc.relation.conference | C22: METADATA | D22: oaire.citation.conferenceDate | G22: Event date | I22: font-weight-bold
A23: Publication | B23: epfl.award | C23: METADATA | D23: epfl.award | G23: Award | H23: text | I23: font-weight-bold
A24: Publication | B24: epfl.award | C24: METADATA | D24: epfl.award.date | H24: date | I24: font-weight-bold
A25: Publication | B25: datacite.relatedIdentifier | C25: METADATA | D25: datacite.relationType | G25: Relation | I25: font-weight-bold
A26: Publication | B26: datacite.relatedIdentifier | C26: METADATA | D26: dc.relation.title | G26: Related work | I26: font-weight-bold
A27: Publication | B27: datacite.relatedIdentifier | C27: METADATA | D27: datacite.relatedIdentifier | G27: URL/DOI | H27: link | I27: font-weight-bold
A28: Product | B28: dc.type | C28: METADATA | D28: dc.type | H28: valuepair.product-coar-types
A29: Product | B29: dc.type | C29: METADATA | D29: datacite.rights
A30: Product | B30: dc.contributor.author | C30: METADATA | D30: dc.contributor.author | H30: crisref | I30: font-weight-bold
A31: Product | B31: dc.contributor.author | C31: METADATA | D31: oairecerif.author.affiliation | I31: font-weight-bold | J31: font-weight-bold
A32: Product | B32: dc.publisher | C32: METADATA | D32: dc.date.issued | H32: date
A33: Product | B33: dc.publisher | C33: METADATA | D33: dc.publisher | H33: crisref
A34: Product | B34: epfl.url | C34: METADATA | D34: epfl.url.description | G34: Link description | I34: font-weight-bold
A35: Product | B35: epfl.url | C35: METADATA | D35: epfl.url | G35: URL | H35: link | I35: font-weight-bold
A36: Product | B36: dc.relation.conference | C36: METADATA | D36: dc.relation.conference | G36: Event name | H36: crisref | I36: font-weight-bold
A37: Product | B37: dc.relation.conference | C37: METADATA | D37: oairecerif.acronym | G37: Event acronym | I37: font-weight-bold
A38: Product | B38: dc.relation.conference | C38: METADATA | D38: oaire.citation.conferencePlace | G38: Event place | I38: font-weight-bold
A39: Product | B39: dc.relation.conference | C39: METADATA | D39: oaire.citation.conferenceDate | G39: Event date | I39: font-weight-bold
A40: Product | B40: oairecerif.funder | C40: METADATA | D40: oairecerif.funder | G40: Funder | I40: font-weight-bold
A41: Product | B41: oairecerif.funder | C41: METADATA | D41: dc.relation.funding | G41: Grant Name | I41: font-weight-bold
A42: Product | B42: oairecerif.funder | C42: METADATA | D42: dc.relation.grantno | G42: Grant Number | I42: font-weight-bold
A43: Product | B43: oairecerif.funder | C43: METADATA | D43: crisfund.award.uri | G43: Grant URL | I43: font-weight-bold
A44: Product | B44: datacite.relatedIdentifier | C44: METADATA | D44: datacite.relationType | G44: Relation | I44: font-weight-bold
A45: Product | B45: datacite.relatedIdentifier | C45: METADATA | D45: dc.relation.title | G45: Related work | I45: font-weight-bold
A46: Product | B46: datacite.relatedIdentifier | C46: METADATA | D46: datacite.relatedIdentifier | G46: URL/DOI | H46: link | I46: font-weight-bold
A47: Patent | B47: dc.type | C47: METADATA | D47: dc.type | H47: valuepair.patent-coar-types | I47: font-weight-bold
A48: Patent | B48: dc.type | C48: METADATA | D48: datacite.rights
A49: Patent | B49: dc.type | C49: METADATA | D49: datacite.available | H49: date
A50: Patent | B50: dc.contributor.author | C50: METADATA | D50: dc.contributor.author | H50: crisref | I50: font-weight-bold
A51: Patent | B51: dc.contributor.author | C51: METADATA | D51: oairecerif.author.affiliation | I51: font-weight-bold | J51: font-weight-bold
A52: Patent | B52: epfl.url | C52: METADATA | D52: epfl.url.description | G52: Additional link | H52: text | I52: font-weight-bold
A53: Patent | B53: epfl.url | C53: METADATA | D53: epfl.url | H53: link | I53: font-weight-bold
A54: Patent | B54: dc.identifier.patentno | C54: METADATA | D54: dc.identifier.patentno | G54: Patent number | I54: font-weight-bold
A55: Patent | B55: dc.identifier.patentno | C55: METADATA | D55: oairecerif.patent.country | G55: Country code | I55: font-weight-bold
A56: Patent | B56: dc.identifier.patentno | C56: METADATA | D56: epfl.patent.kindcode | G56: Kind code | I56: font-weight-bold
A57: Patent | B57: dc.identifier.patentno | C57: METADATA | D57: epfl.patent.date | G57: Date issued | I57: font-weight-bold
A58: Patent | B58: datacite.relatedIdentifier | C58: METADATA | D58: datacite.relationType | G58: Relation | I58: font-weight-bold
A59: Patent | B59: datacite.relatedIdentifier | C59: METADATA | D59: dc.relation.title | G59: Related work | I59: font-weight-bold
A60: Patent | B60: datacite.relatedIdentifier | C60: METADATA | D60: datacite.relatedIdentifier | G60: URL/DOI | H60: link | I60: font-weight-bold
A61: Patent | B61: dc.identifier.prioritynumber | C61: METADATA | D61: dc.identifier.prioritynumber | G61: Priority number | I61: font-weight-bold
A62: Patent | B62: dc.identifier.prioritynumber | C62: METADATA | D62: dcterms.dateAccepted | G62: Priority date | I62: font-weight-bold
A63: Patent | B63: dc.identifier.applicationnumber | C63: METADATA | D63: dc.identifier.applicationnumber | G63: Application number | I63: font-weight-bold
A64: Patent | B64: dc.identifier.applicationnumber | C64: METADATA | D64: dcterms.dateSubmitted | G64: Application Date | I64: font-weight-bold

Sheet box2metrics
A1: ENTITY | B1: BOX | C1: METRIC_TYPE
A2: Person | B2: metrics | C2: scopus-author-h-index, scopus-author-coauthor-count, scopus-author-cited-count, scopus-author-citation-count, scopus-author-document-count, wosPersonCitation
A3: Person | B3: gscholar | C3: google-scholar
A4: Person | B4: usagemetrics | C4: view, embedded-view
A5: Project | B5: metrics | C5: view, embedded-view
A6: Event | B6: metrics | C6: view, embedded-view
A7: Journal | B7: metrics | C7: view, embedded-view
A8: Equipment | B8: metrics | C8: view, embedded-view
A9: Funding | B9: metrics | C9: view, embedded-view
A10: Publication | B10: usagemetrics | C10: view, embedded-view, download, embedded-download
A11: Publication | B11: usagemetrics | C11: wosCitation, scopusCitation
A12: Publication | B12: allmetrics | C12: altmetric
... A15: Patent | B15: usagemetrics | C15: view, embedded-view

Sheet tabpolicy
A1: ENTITY | B1: SHORTNAME | C1: METADATA | D1: GROUP
A2: Person | B2: secure | C2: cris.policy.group

Sheet boxpolicy
A1: ENTITY | B1: SHORTNAME | C1: METADATA | D1: GROUP
A2: Person | B2: secure | C2: cris.policy.eperson
A3: Person | B3: secure | C3: cris.policy.eperson
A4: Funding | B4: financialdata | C4: crisfund.coinvestigators
A5: Funding | B5: financialdata | C5: crisfund.investigators

Sheet utilsdata
A1: BOX-TYPES | B1: METADATA-RENDERING | C1: Security
A2: RELATION | B2: heading | C2: PUBLIC
A3: METADATA | B3: text | C3: ADMINISTRATOR
A4: METRICS | B4: longtext | C4: OWNER ONLY
A5: IIIFVIEWER | B5: link | C5: OWNER & ADMINISTRATOR
B6: link.label | C6: CUSTOM DATA
B7: date | C7: CUSTOM DATA & ADMINISTRATOR
B8: identifier
B9: crisref
B10: thumbnail
B11: attachment
B12: tag

Sheet tab_i18n
A1: PREFIX | B1: AUTOGENERATED I18N keys
A2: layout.tab.header. | B2: =IF(OR(ISBLANK(tab!$C4),EXACT(MID(tab!$C4,1,LEN($A$2)),$A$2)),"",""""&$A$2&tab!$A4&"."&tab!$B4&""": """&SUBSTITUTE(tab!$C4,"""","\""")&""",") -> "layout.tab.header.Person.details": "Profile",
B3: =IF(OR(ISBLANK(tab!$C5),EXACT(MID(tab!$C5,1,LEN($A$2)),$A$2)),"",""""&$A$2&tab!$A5&"."&tab!$B5&""": """&SUBSTITUTE(tab!$C5,"""","\""")&""",") -> "layout.tab.header.Person.publications": "Scholarly works",
B4: =IF(OR(ISBLANK(tab!$C6),EXACT(MID(tab!$C6,1,LEN($A$2)),$A$2)),"",""""&$A$2&tab!$A6&"."&tab!$B6&""": """&SUBSTITUTE(tab!$C6,"""","\""")&""",") -> "layout.tab.header.Person.editedpublications": "Edited Publications",
B5: =IF(OR(ISBLANK(tab!$C7),EXACT(MID(tab!$C7,1,LEN($A$2)),$A$2)),"",""""&$A$2&tab!$A7&"."&tab!$B7&""": """&SUBSTITUTE(tab!$C7,"""","\""")&""",") -> "layout.tab.header.Person.projects": "Projects",
B6: =IF(OR(ISBLANK(tab!$C8),EXACT(MID(tab!$C8,1,LEN($A$2)),$A$2)),"",""""&$A$2&tab!$A8&"."&tab!$B8&""": """&SUBSTITUTE(tab!$C8,"""","\""")&""",") -> "layout.tab.header.Person.about": "About",
B7: =IF(OR(ISBLANK(tab!$C9),EXACT(MID(tab!$C9,1,LEN($A$2)),$A$2)),"",""""&$A$2&tab!$A9&"."&tab!$B9&""": """&SUBSTITUTE(tab!$C9,"""","\""")&""",") -> "layout.tab.header.Person.orcid": "ORCID",
B8: =IF(OR(ISBLANK(tab!$C10),EXACT(MID(tab!$C10,1,LEN($A$2)),$A$2)),"",""""&$A$2&tab!$A10&"."&tab!$B10&""": """&SUBSTITUTE(tab!$C10,"""","\""")&""",") -> "layout.tab.header.Person.indicators": "Metrics",
B9: =IF(OR(ISBLANK(tab!$C11),EXACT(MID(tab!$C11,1,LEN($A$2)),$A$2)),"",""""&$A$2&tab!$A11&"."&tab!$B11&""": """&SUBSTITUTE(tab!$C11,"""","\""")&""",") -> "layout.tab.header.Person.secure": "Secured Tab",
B10: =IF(OR(ISBLANK(tab!$C12),EXACT(MID(tab!$C12,1,LEN($A$2)),$A$2)),"",""""&$A$2&tab!$A12&"."&tab!$B12&""": """&SUBSTITUTE(tab!$C12,"""","\""")&""",") -> "layout.tab.header.OrgUnit.maininformation": "Information",
B11: =IF(OR(ISBLANK(tab!$C14),EXACT(MID(tab!$C14,1,LEN($A$2)),$A$2)),"",""""&$A$2&tab!$A14&"."&tab!$B14&""": """&SUBSTITUTE(tab!$C14,"""","\""")&""",") -> "layout.tab.header.OrgUnit.organizations": "Affiliated units",
B12: =IF(OR(ISBLANK(tab!$C13),EXACT(MID(tab!$C13,1,LEN($A$2)),$A$2)),"",""""&$A$2&tab!$A13&"."&tab!$B13&""": """&SUBSTITUTE(tab!$C13,"""","\""")&""",") -> "layout.tab.header.OrgUnit.publications": "Scholarly works",
B13: =IF(OR(ISBLANK(tab!$C15),EXACT(MID(tab!$C15,1,LEN($A$2)),$A$2)),"",""""&$A$2&tab!$A15&"."&tab!$B15&""": """&SUBSTITUTE(tab!$C15,"""","\""")&""",") -> "layout.tab.header.OrgUnit.people": "People",
B14: =IF(OR(ISBLANK(tab!$C16),EXACT(MID(tab!$C16,1,LEN($A$2)),$A$2)),"",""""&$A$2&tab!$A16&"."&tab!$B16&""": """&SUBSTITUTE(tab!$C16,"""","\""")&""",") -> "layout.tab.header.OrgUnit.projects": "Projects",
B15: =IF(OR(ISBLANK(tab!$C17),EXACT(MID(tab!$C17,1,LEN($A$2)),$A$2)),"",""""&$A$2&tab!$A17&"."&tab!$B17&""": """&SUBSTITUTE(tab!$C17,"""","\""")&""",") -> "layout.tab.header.OrgUnit.rpprojects": "Researchers projects",
B16: =IF(OR(ISBLANK(tab!$C18),EXACT(MID(tab!$C18,1,LEN($A$2)),$A$2)),"",""""&$A$2&tab!$A18&"."&tab!$B18&""": """&SUBSTITUTE(tab!$C18,"""","\""")&""",") -> "layout.tab.header.Project.details": "Details",
B17: =IF(OR(ISBLANK(tab!$C19),EXACT(MID(tab!$C19,1,LEN($A$2)),$A$2)),"",""""&$A$2&tab!$A19&"."&tab!$B19&""": """&SUBSTITUTE(tab!$C19,"""","\""")&""",") -> "layout.tab.header.Project.outputs::projectoutputs": "Outputs::Publications",
B18: =IF(OR(ISBLANK(tab!$C20),EXACT(MID(tab!$C20,1,LEN($A$2)),$A$2)),"",""""&$A$2&tab!$A20&"."&tab!$B20&""": """&SUBSTITUTE(tab!$C20,"""","\""")&""",") -> "layout.tab.header.Project.outputs::fundings": "Outputs::Fundings",
B19: =IF(OR(ISBLANK(tab!$C21),EXACT(MID(tab!$C21,1,LEN($A$2)),$A$2)),"",""""&$A$2&tab!$A21&"."&tab!$B21&""": """&SUBSTITUTE(tab!$C21,"""","\""")&""",") -> "layout.tab.header.Journal.details": "Details",
B20: =IF(OR(ISBLANK(tab!$C22),EXACT(MID(tab!$C22,1,LEN($A$2)),$A$2)),"",""""&$A$2&tab!$A22&"."&tab!$B22&""": """&SUBSTITUTE(tab!$C22,"""","\""")&""",") -> "layout.tab.header.Journal.publications": "Publications",
B21: =IF(OR(ISBLANK(tab!$C23),EXACT(MID(tab!$C23,1,LEN($A$2)),$A$2)),"",""""&$A$2&tab!$A23&"."&tab!$B23&""": """&SUBSTITUTE(tab!$C23,"""","\""")&""",") -> "layout.tab.header.Journal.statistics": "Metrics",
B22: =IF(OR(ISBLANK(tab!$C24),EXACT(MID(tab!$C24,1,LEN($A$2)),$A$2)),"",""""&$A$2&tab!$A24&"."&tab!$B24&""": """&SUBSTITUTE(tab!$C24,"""","\""")&""",") -> "layout.tab.header.Event.details": "Details",
B23: =IF(OR(ISBLANK(tab!$C25),EXACT(MID(tab!$C25,1,LEN($A$2)),$A$2)),"",""""&$A$2&tab!$A25&"."&tab!$B25&""": """&SUBSTITUTE(tab!$C25,"""","\""")&""",") -> "layout.tab.header.Event.publications": "Contributions",
B24: =IF(OR(ISBLANK(tab!$C26),EXACT(MID(tab!$C26,1,LEN($A$2)),$A$2)),"",""""&$A$2&tab!$A26&"."&tab!$B26&""": """&SUBSTITUTE(tab!$C26,"""","\""")&""",") -> "layout.tab.header.Event.statistics": "Metrics",
... B29: =IF(OR(ISBLANK(tab!$C31),EXACT(MID(tab!$C31,1,LEN($A$2)),$A$2)),"",""""&$A$2&tab!$A31&"."&tab!$B31&""": """&SUBSTITUTE(tab!$C31,"""","\""")&""",") -> "layout.tab.header.Publication.article.articledetails": "Details",
B30: =IF(OR(ISBLANK(tab!$C33),EXACT(MID(tab!$C33,1,LEN($A$2)),$A$2)),"",""""&$A$2&tab!$A33&"."&tab!$B33&""": """&SUBSTITUTE(tab!$C33,"""","\""")&""",") -> "layout.tab.header.Publication.article.statistics": "Metrics",
B31: =IF(OR(ISBLANK(tab!$C34),EXACT(MID(tab!$C34,1,LEN($A$2)),$A$2)),"",""""&$A$2&tab!$A34&"."&tab!$B34&""": """&SUBSTITUTE(tab!$C34,"""","\""")&""",") -> "layout.tab.header.Publication.book.bookmain": "Information",
B32: =IF(OR(ISBLANK(tab!$C35),EXACT(MID(tab!$C35,1,LEN($A$2)),$A$2)),"",""""&$A$2&tab!$A35&"."&tab!$B35&""": """&SUBSTITUTE(tab!$C35,"""","\""")&""",") -> "layout.tab.header.Publication.book.files": "Files",
B33: =IF(OR(ISBLANK(tab!$C36),EXACT(MID(tab!$C36,1,LEN($A$2)),$A$2)),"",""""&$A$2&tab!$A36&"."&tab!$B36&""": """&SUBSTITUTE(tab!$C36,"""","\""")&""",") -> "layout.tab.header.Publication.book.bookdetails": "Details",
B34: =IF(OR(ISBLANK(tab!$C38),EXACT(MID(tab!$C38,1,LEN($A$2)),$A$2)),"",""""&$A$2&tab!$A38&"."&tab!$B38&""": """&SUBSTITUTE(tab!$C38,"""","\""")&""",") -> "layout.tab.header.Publication.book.statistics": "Metrics",
B35: =IF(OR(ISBLANK(tab!$C39),EXACT(MID(tab!$C39,1,LEN($A$2)),$A$2)),"",""""&$A$2&tab!$A39&"."&tab!$B39&""": """&SUBSTITUTE(tab!$C39,"""","\""")&""",") -> "layout.tab.header.Publication.conference.conferencemain": "Information",
B36: =IF(OR(ISBLANK(tab!$C40),EXACT(MID(tab!$C40,1,LEN($A$2)),$A$2)),"",""""&$A$2&tab!$A40&"."&tab!$B40&""": """&SUBSTITUTE(tab!$C40,"""","\""")&""",") -> "layout.tab.header.Publication.conference.files": "Files",
B37: =IF(OR(ISBLANK(tab!$C41),EXACT(MID(tab!$C41,1,LEN($A$2)),$A$2)),"",""""&$A$2&tab!$A41&"."&tab!$B41&""": """&SUBSTITUTE(tab!$C41,"""","\""")&""",") -> "layout.tab.header.Publication.conference.conferencedetails": "Details",
B38: =IF(OR(ISBLANK(tab!$C43),EXACT(MID(tab!$C43,1,LEN($A$2)),$A$2)),"",""""&$A$2&tab!$A43&"."&tab!$B43&""": """&SUBSTITUTE(tab!$C43,"""","\""")&""",") -> "layout.tab.header.Publication.conference.statistics": "Metrics",
B39: =IF(OR(ISBLANK(tab!$C44),EXACT(MID(tab!$C44,1,LEN($A$2)),$A$2)),"",""""&$A$2&tab!$A44&"."&tab!$B44&""": """&SUBSTITUTE(tab!$C44,"""","\""")&""",") -> "layout.tab.header.Publication.media.mediamain": "Information",
B40: =IF(OR(ISBLANK(tab!$C45),EXACT(MID(tab!$C45,1,LEN($A$2)),$A$2)),"",""""&$A$2&tab!$A45&"."&tab!$B45&""": """&SUBSTITUTE(tab!$C45,"""","\""")&""",") -> "layout.tab.header.Publication.media.files": "Files",
B41: =IF(OR(ISBLANK(tab!$C46),EXACT(MID(tab!$C46,1,LEN($A$2)),$A$2)),"",""""&$A$2&tab!$A46&"."&tab!$B46&""": """&SUBSTITUTE(tab!$C46,"""","\""")&""",") -> "layout.tab.header.Publication.media.mediadetails": "Details",
B42: =IF(OR(ISBLANK(tab!$C48),EXACT(MID(tab!$C48,1,LEN($A$2)),$A$2)),"",""""&$A$2&tab!$A48&"."&tab!$B48&""": """&SUBSTITUTE(tab!$C48,"""","\""")&""",") -> "layout.tab.header.Publication.media.statistics": "Metrics",
B43: =IF(OR(ISBLANK(tab!$C49),EXACT(MID(tab!$C49,1,LEN($A$2)),$A$2)),"",""""&$A$2&tab!$A49&"."&tab!$B49&""": """&SUBSTITUTE(tab!$C49,"""","\""")&""",") -> "layout.tab.header.Publication.preprint.preprintmain": "Information",
B44: =IF(OR(ISBLANK(tab!$C50),EXACT(MID(tab!$C50,1,LEN($A$2)),$A$2)),"",""""&$A$2&tab!$A50&"."&tab!$B50&""": """&SUBSTITUTE(tab!$C50,"""","\""")&""",") -> "layout.tab.header.Publication.preprint.files": "Files",
B45: =IF(OR(ISBLANK(tab!$C51),EXACT(MID(tab!$C51,1,LEN($A$2)),$A$2)),"",""""&$A$2&tab!$A51&"."&tab!$B51&""": """&SUBSTITUTE(tab!$C51,"""","\""")&""",") -> "layout.tab.header.Publication.preprint.preprintdetails": "Details",
B46: =IF(OR(ISBLANK(tab!$C53),EXACT(MID(tab!$C53,1,LEN($A$2)),$A$2)),"",""""&$A$2&tab!$A53&"."&tab!$B53&""": """&SUBSTITUTE(tab!$C53,"""","\""")&""",") -> "layout.tab.header.Publication.preprint.statistics": "Metrics",
B47: =IF(OR(ISBLANK(tab!$C54),EXACT(MID(tab!$C54,1,LEN($A$2)),$A$2)),"",""""&$A$2&tab!$A54&"."&tab!$B54&""": """&SUBSTITUTE(tab!$C54,"""","\""")&""",") -> "layout.tab.header.Publication.report.reportmain": "Information",
B48: =IF(OR(ISBLANK(tab!$C55),EXACT(MID(tab!$C55,1,LEN($A$2)),$A$2)),"",""""&$A$2&tab!$A55&"."&tab!$B55&""": """&SUBSTITUTE(tab!$C55,"""","\""")&""",") -> "layout.tab.header.Publication.report.files": "Files",
B49: =IF(OR(ISBLANK(tab!$C56),EXACT(MID(tab!$C56,1,LEN($A$2)),$A$2)),"",""""&$A$2&tab!$A56&"."&tab!$B56&""": """&SUBSTITUTE(tab!$C56,"""","\""")&""",") -> "layout.tab.header.Publication.report.reportdetails": "Details",
B50: =IF(OR(ISBLANK(tab!$C58),EXACT(MID(tab!$C58,1,LEN($A$2)),$A$2)),"",""""&$A$2&tab!$A58&"."&tab!$B58&""": """&SUBSTITUTE(tab!$C58,"""","\""")&""",") -> "layout.tab.header.Publication.report.statistics": "Metrics",
B51: =IF(OR(ISBLANK(tab!$C64),EXACT(MID(tab!$C64,1,LEN($A$2)),$A$2)),"",""""&$A$2&tab!$A64&"."&tab!$B64&""": """&SUBSTITUTE(tab!$C64,"""","\""")&""",") -> "layout.tab.header.Publication.student.studentmain": "Information",
B52: =IF(OR(ISBLANK(tab!$C65),EXACT(MID(tab!$C65,1,LEN($A$2)),$A$2)),"",""""&$A$2&tab!$A65&"."&tab!$B65&""": """&SUBSTITUTE(tab!$C65,"""","\""")&""",") -> "layout.tab.header.Publication.student.files": "Files",
B53: =IF(OR(ISBLANK(tab!$C66),EXACT(MID(tab!$C66,1,LEN($A$2)),$A$2)),"",""""&$A$2&tab!$A66&"."&tab!$B66&""": """&SUBSTITUTE(tab!$C66,"""","\""")&""",") -> "layout.tab.header.Publication.student.studentdetails": "Details",
B54: =IF(OR(ISBLANK(tab!$C68),EXACT(MID(tab!$C68,1,LEN($A$2)),$A$2)),"",""""&$A$2&tab!$A68&"."&tab!$B68&""": """&SUBSTITUTE(tab!$C68,"""","\""")&""",") -> "layout.tab.header.Publication.student.statistics": "Metrics",
B55: =IF(OR(ISBLANK(tab!$C69),EXACT(MID(tab!$C69,1,LEN($A$2)),$A$2)),"",""""&$A$2&tab!$A69&"."&tab!$B69&""": """&SUBSTITUTE(tab!$C69,"""","\""")&""",") -> "layout.tab.header.Publication.thesis.thesismain": "Information",
B56: =IF(OR(ISBLANK(tab!$C70),EXACT(MID(tab!$C70,1,LEN($A$2)),$A$2)),"",""""&$A$2&tab!$A70&"."&tab!$B70&""": """&SUBSTITUTE(tab!$C70,"""","\""")&""",") -> "layout.tab.header.Publication.thesis.files": "Files",
B57: =IF(OR(ISBLANK(tab!$C71),EXACT(MID(tab!$C71,1,LEN($A$2)),$A$2)),"",""""&$A$2&tab!$A71&"."&tab!$B71&""": """&SUBSTITUTE(tab!$C71,"""","\""")&""",") -> "layout.tab.header.Publication.thesis.thesisdetails": "Details",
B58: =IF(OR(ISBLANK(tab!$C73),EXACT(MID(tab!$C73,1,LEN($A$2)),$A$2)),"",""""&$A$2&tab!$A73&"."&tab!$B73&""": """&SUBSTITUTE(tab!$C73,"""","\""")&""",") -> "layout.tab.header.Publication.thesis.statistics": "Metrics",
B59: =IF(OR(ISBLANK(tab!$C74),EXACT(MID(tab!$C74,1,LEN($A$2)),$A$2)),"",""""&$A$2&tab!$A74&"."&tab!$B74&""": """&SUBSTITUTE(tab!$C74,"""","\""")&""",") -> "layout.tab.header.Product.teaching.teachingmain": "Information",
B60: =IF(OR(ISBLANK(tab!$C75),EXACT(MID(tab!$C75,1,LEN($A$2)),$A$2)),"",""""&$A$2&tab!$A75&"."&tab!$B75&""": """&SUBSTITUTE(tab!$C75,"""","\""")&""",") -> "layout.tab.header.Product.teaching.files": "Files",
B61: =IF(OR(ISBLANK(tab!$C76),EXACT(MID(tab!$C76,1,LEN($A$2)),$A$2)),"",""""&$A$2&tab!$A76&"."&tab!$B76&""": """&SUBSTITUTE(tab!$C76,"""","\""")&""",") -> "layout.tab.header.Product.teaching.teachingdetails": "Details",
B62: =IF(OR(ISBLANK(tab!$C78),EXACT(MID(tab!$C78,1,LEN($A$2)),$A$2)),"",""""&$A$2&tab!$A78&"."&tab!$B78&""": """&SUBSTITUTE(tab!$C78,"""","\""")&""",") -> "layout.tab.header.Product.teaching.statistics": "Metrics",
B63: =IF(OR(ISBLANK(tab!$C79),EXACT(MID(tab!$C79,1,LEN($A$2)),$A$2)),"",""""&$A$2&tab!$A79&"."&tab!$B79&""": """&SUBSTITUTE(tab!$C79,"""","\""")&""",") -> "layout.tab.header.Product.dataset.datasetmain": "Information",
B64: =IF(OR(ISBLANK(tab!$C80),EXACT(MID(tab!$C80,1,LEN($A$2)),$A$2)),"",""""&$A$2&tab!$A80&"."&tab!$B80&""": """&SUBSTITUTE(tab!$C80,"""","\""")&""",") -> "layout.tab.header.Product.dataset.files": "Files",
B65: =IF(OR(ISBLANK(tab!$C81),EXACT(MID(tab!$C81,1,LEN($A$2)),$A$2)),"",""""&$A$2&tab!$A81&"."&tab!$B81&""": """&SUBSTITUTE(tab!$C81,"""","\""")&""",") -> "layout.tab.header.Product.dataset.datasetdetails": "Details",
B66: =IF(OR(ISBLANK(tab!$C83),EXACT(MID(tab!$C83,1,LEN($A$2)),$A$2)),"",""""&$A$2&tab!$A83&"."&tab!$B83&""": """&SUBSTITUTE(tab!$C83,"""","\""")&""",") -> "layout.tab.header.Product.dataset.statistics": "Metrics",
B67: =IF(OR(ISBLANK(tab!$C84),EXACT(MID(tab!$C84,1,LEN($A$2)),$A$2)),"",""""&$A$2&tab!$A84&"."&tab!$B84&""": """&SUBSTITUTE(tab!$C84,"""","\""")&""",") -> "layout.tab.header.Product.design.designmain": "Information",
B68: =IF(OR(ISBLANK(tab!$C85),EXACT(MID(tab!$C85,1,LEN($A$2)),$A$2)),"",""""&$A$2&tab!$A85&"."&tab!$B85&""": """&SUBSTITUTE(tab!$C85,"""","\""")&""",") -> "layout.tab.header.Product.design.files": "Files",
B69: =IF(OR(ISBLANK(tab!$C86),EXACT(MID(tab!$C86,1,LEN($A$2)),$A$2)),"",""""&$A$2&tab!$A86&"."&tab!$B86&""": """&SUBSTITUTE(tab!$C86,"""","\""")&""",") -> "layout.tab.header.Product.design.designdetails": "Details",
B70: =IF(OR(ISBLANK(tab!$C88),EXACT(MID(tab!$C88,1,LEN($A$2)),$A$2)),"",""""&$A$2&tab!$A88&"."&tab!$B88&""": """&SUBSTITUTE(tab!$C88,"""","\""")&""",") -> "layout.tab.header.Product.design.statistics": "Metrics",
B71: =IF(OR(ISBLANK(tab!$C89),EXACT(MID(tab!$C89,1,LEN($A$2)),$A$2)),"",""""&$A$2&tab!$A89&"."&tab!$B89&""": """&SUBSTITUTE(tab!$C89,"""","\""")&""",") -> "layout.tab.header.Patent.patentmain": "Information",
B72: =IF(OR(ISBLANK(tab!$C90),EXACT(MID(tab!$C90,1,LEN($A$2)),$A$2)),"",""""&$A$2&tab!$A90&"."&tab!$B90&""": """&SUBSTITUTE(tab!$C90,"""","\""")&""",") -> "layout.tab.header.Patent.files": "Files",
B73: =IF(OR(ISBLANK(tab!$C91),EXACT(MID(tab!$C91,1,LEN($A$2)),$A$2)),"",""""&$A$2&tab!$A91&"."&tab!$B91&""": """&SUBSTITUTE(tab!$C91,"""","\""")&""",") -> "layout.tab.header.Patent.patentdetails": "Details",
B74: =IF(OR(ISBLANK(tab!$C93),EXACT(MID(tab!$C93,1,LEN($A$2)),$A$2)),"",""""&$A$2&tab!$A93&"."&tab!$B93&""": """&SUBSTITUTE(tab!$C93,"""","\""")&""",") -> "layout.tab.header.Patent.statistics": "Metrics",
B75: =IF(OR(ISBLANK(tab!$C94),EXACT(MID(tab!$C94,1,LEN($A$2)),$A$2)),"",""""&$A$2&tab!$A94&"."&tab!$B94&""": """&SUBSTITUTE(tab!$C94,"""","\""")&""",")
B76: =IF(OR(ISBLANK(tab!$C95),EXACT(MID(tab!$C95,1,LEN($A$2)),$A$2)),"",""""&$A$2&tab!$A95&"."&tab!$B95&""": """&SUBSTITUTE(tab!$C95,"""","\""")&""",")
B77: =IF(OR(ISBLANK(tab!$C96),EXACT(MID(tab!$C96,1,LEN($A$2)),$A$2)),"",""""&$A$2&tab!$A96&"."&tab!$B96&""": """&SUBSTITUTE(tab!$C96,"""","\""")&""",")
B78: =IF(OR(ISBLANK(tab!$C97),EXACT(MID(tab!$C97,1,LEN($A$2)),$A$2)),"",""""&$A$2&tab!$A97&"."&tab!$B97&""": """&SUBSTITUTE(tab!$C97,"""","\""")&""",")
B79: =IF(OR(ISBLANK(tab!$C98),EXACT(MID(tab!$C98,1,LEN($A$2)),$A$2)),"",""""&$A$2&tab!$A98&"."&tab!$B98&""": """&SUBSTITUTE(tab!$C98,"""","\""")&""",")
B80: =IF(OR(ISBLANK(tab!$C99),EXACT(MID(tab!$C99,1,LEN($A$2)),$A$2)),"",""""&$A$2&tab!$A99&"."&tab!$B99&""": """&SUBSTITUTE(tab!$C99,"""","\""")&""",")
B81: =IF(OR(ISBLANK(tab!$C100),EXACT(MID(tab!$C100,1,LEN($A$2)),$A$2)),"",""""&$A$2&tab!$A100&"."&tab!$B100&""": """&SUBSTITUTE(tab!$C100,"""","\""")&""",")
B82: =IF(OR(ISBLANK(tab!$C101),EXACT(MID(tab!$C101,1,LEN($A$2)),$A$2)),"",""""&$A$2&tab!$A101&"."&tab!$B101&""": """&SUBSTITUTE(tab!$C101,"""","\""")&""",")
B83: =IF(OR(ISBLANK(tab!$C102),EXACT(MID(tab!$C102,1,LEN($A$2)),$A$2)),"",""""&$A$2&tab!$A102&"."&tab!$B102&""": """&SUBSTITUTE(tab!$C102,"""","\""")&""",")
B84: =IF(OR(ISBLANK(tab!$C103),EXACT(MID(tab!$C103,1,LEN($A$2)),$A$2)),"",""""&$A$2&tab!$A103&"."&tab!$B103&""": """&SUBSTITUTE(tab!$C103,"""","\""")&""",")
B85: =IF(OR(ISBLANK(tab!$C104),EXACT(MID(tab!$C104,1,LEN($A$2)),$A$2)),"",""""&$A$2&tab!$A104&"."&tab!$B104&""": """&SUBSTITUTE(tab!$C104,"""","\""")&""",")
... B417: =IF(OR(ISBLANK(tab!$C436),EXACT(MID(tab!$C436,1,LEN($A$2)),$A$2)),"",""""&$A$2&tab!$A436&"."&tab!$B436&""": """&SUBSTITUTE(tab!$C436,"""","\""")&""",")
B418: =IF(OR(ISBLANK(tab!$C472),EXACT(MID(tab!$C472,1,LEN($A$2)),$A$2)),"",""""&$A$2&tab!$A472&"."&tab!$B472&""": """&SUBSTITUTE(tab!$C472,"""","\""")&""",")
B419: =IF(OR(ISBLANK(tab!$C473),EXACT(MID(tab!$C473,1,LEN($A$2)),$A$2)),"",""""&$A$2&tab!$A473&"."&tab!$B473&""": """&SUBSTITUTE(tab!$C473,"""","\""")&""",")
B420: =IF(OR(ISBLANK(tab!$C474),EXACT(MID(tab!$C474,1,LEN($A$2)),$A$2)),"",""""&$A$2&tab!$A474&"."&tab!$B474&""": """&SUBSTITUTE(tab!$C474,"""","\""")&""",")
B421: =IF(OR(ISBLANK(tab!$C475),EXACT(MID(tab!$C475,1,LEN($A$2)),$A$2)),"",""""&$A$2&tab!$A475&"."&tab!$B475&""": """&SUBSTITUTE(tab!$C475,"""","\""")&""",")
B422: =IF(OR(ISBLANK(tab!$C476),EXACT(MID(tab!$C476,1,LEN($A$2)),$A$2)),"",""""&$A$2&tab!$A476&"."&tab!$B476&""": """&SUBSTITUTE(tab!$C476,"""","\""")&""",")
B423: =IF(OR(ISBLANK(tab!$C477),EXACT(MID(tab!$C477,1,LEN($A$2)),$A$2)),"",""""&$A$2&tab!$A477&"."&tab!$B477&""": """&SUBSTITUTE(tab!$C477,"""","\""")&""",")
B424: =IF(OR(ISBLANK(tab!$C478),EXACT(MID(tab!$C478,1,LEN($A$2)),$A$2)),"",""""&$A$2&tab!$A478&"."&tab!$B478&""": """&SUBSTITUTE(tab!$C478,"""","\""")&""",")
B425: =IF(OR(ISBLANK(tab!$C479),EXACT(MID(tab!$C479,1,LEN($A$2)),$A$2)),"",""""&$A$2&tab!$A479&"."&tab!$B479&""": """&SUBSTITUTE(tab!$C479,"""","\""")&""",")
B426: =IF(OR(ISBLANK(tab!$C480),EXACT(MID(tab!$C480,1,LEN($A$2)),$A$2)),"",""""&$A$2&tab!$A480&"."&tab!$B480&""": """&SUBSTITUTE(tab!$C480,"""","\""")&""",")
B427: =IF(OR(ISBLANK(tab!$C481),EXACT(MID(tab!$C481,1,LEN($A$2)),$A$2)),"",""""&$A$2&tab!$A481&"."&tab!$B481&""": """&SUBSTITUTE(tab!$C481,"""","\""")&""",")
B428: =IF(OR(ISBLANK(tab!$C482),EXACT(MID(tab!$C482,1,LEN($A$2)),$A$2)),"",""""&$A$2&tab!$A482&"."&tab!$B482&""": """&SUBSTITUTE(tab!$C482,"""","\""")&""",")
B429: =IF(OR(ISBLANK(tab!$C483),EXACT(MID(tab!$C483,1,LEN($A$2)),$A$2)),"",""""&$A$2&tab!$A483&"."&tab!$B483&""": """&SUBSTITUTE(tab!$C483,"""","\""")&""",")
... B1000: =IF(OR(ISBLANK(tab!$C1054),EXACT(MID(tab!$C1054,1,LEN($A$2)),$A$2)),"",""""&$A$2&tab!$A1054&"."&tab!$B1054&""": """&SUBSTITUTE(tab!$C1054,"""","\""")&""",")

Sheet box_i18n
A1: PREFIX | B1: AUTOGENERATED I18N keys
A2: layout.box.header. | B2: =IF(OR(ISBLANK(box!$E7),EXACT(MID(box!$E7,1,LEN($A$2)),$A$2)),"",""""&$A$2&box!$A7&"."&box!$D7&""": """&SUBSTITUTE(box!$E7,"""","\""")&""",")
B3: =IF(OR(ISBLANK(box!$E8),EXACT(MID(box!$E8,1,LEN($A$2)),$A$2)),"",""""&$A$2&box!$A8&"."&box!$D8&""": """&SUBSTITUTE(box!$E8,"""","\""")&""",")
B4: =IF(OR(ISBLANK(box!$E9),EXACT(MID(box!$E9,1,LEN($A$2)),$A$2)),"",""""&$A$2&box!$A9&"."&box!$D9&""": """&SUBSTITUTE(box!$E9,"""","\""")&""",")
B5: =IF(OR(ISBLANK(box!$E10),EXACT(MID(box!$E10,1,LEN($A$2)),$A$2)),"",""""&$A$2&box!$A10&"."&box!$D10&""": """&SUBSTITUTE(box!$E10,"""","\""")&""",")
B6: =IF(OR(ISBLANK(box!$E11),EXACT(MID(box!$E11,1,LEN($A$2)),$A$2)),"",""""&$A$2&box!$A11&"."&box!$D11&""": """&SUBSTITUTE(box!$E11,"""","\""")&""",") -> "layout.box.header.Person.usagemetrics": "Usage metrics",
B7: =IF(OR(ISBLANK(box!$E12),EXACT(MID(box!$E12,1,LEN($A$2)),$A$2)),"",""""&$A$2&box!$A12&"."&box!$D12&""": """&SUBSTITUTE(box!$E12,"""","\""")&""",") -> "layout.box.header.Person.metrics": "Metrics",
B8: =IF(OR(ISBLANK(box!$E14),EXACT(MID(box!$E14,1,LEN($A$2)),$A$2)),"",""""&$A$2&box!$A14&"."&box!$D14&""": """&SUBSTITUTE(box!$E14,"""","\""")&""",") -> "layout.box.header.Person.researcherprofile": "Profile",
B9: =IF(OR(ISBLANK(box!$E15),EXACT(MID(box!$E15,1,LEN($A$2)),$A$2)),"",""""&$A$2&box!$A15&"."&box!$D15&""": """&SUBSTITUTE(box!$E15,"""","\""")&""",") -> "layout.box.header.Person.projects": "Projects",
B10: =IF(OR(ISBLANK(box!$E16),EXACT(MID(box!$E16,1,LEN($A$2)),$A$2)),"",""""&$A$2&box!$A16&"."&box!$D16&""": """&SUBSTITUTE(box!$E16,"""","\""")&""",") -> "layout.box.header.Person.secure": "Secured box",
B11: =IF(OR(ISBLANK(box!$E17),EXACT(MID(box!$E17,1,LEN($A$2)),$A$2)),"",""""&$A$2&box!$A17&"."&box!$D17&""": """&SUBSTITUTE(box!$E17,"""","\""")&""",")
B12: =IF(OR(ISBLANK(box!$E18),EXACT(MID(box!$E18,1,LEN($A$2)),$A$2)),"",""""&$A$2&box!$A18&"."&box!$D18&""": """&SUBSTITUTE(box!$E18,"""","\""")&""",") -> "layout.box.header.OrgUnit.details": "Details",
B13: =IF(OR(ISBLANK(box!$E19),EXACT(MID(box!$E19,1,LEN($A$2)),$A$2)),"",""""&$A$2&box!$A19&"."&box!$D19&""": """&SUBSTITUTE(box!$E19,"""","\""")&""",") -> "layout.box.header.OrgUnit.description": "Description",
B14: =IF(OR(ISBLANK(box!$E20),EXACT(MID(box!$E20,1,LEN($A$2)),$A$2)),"",""""&$A$2&box!$A20&"."&box!$D20&""": """&SUBSTITUTE(box!$E20,"""","\""")&""",") -> "layout.box.header.OrgUnit.organizations": "Affiliated EPFL Units",
B15: =IF(OR(ISBLANK(box!$E21),EXACT(MID(box!$E21,1,LEN($A$2)),$A$2)),"",""""&$A$2&box!$A21&"."&box!$D21&""": """&SUBSTITUTE(box!$E21,"""","\""")&""",") -> "layout.box.header.OrgUnit.publications": "Scholarly works",
B16: =IF(OR(ISBLANK(box!$E22),EXACT(MID(box!$E22,1,LEN($A$2)),$A$2)),"",""""&$A$2&box!$A22&"."&box!$D22&""": """&SUBSTITUTE(box!$E22,"""","\""")&""",") -> "layout.box.header.OrgUnit.projects": "OrgUnit funded Projects",
B17: =IF(OR(ISBLANK(box!$E23),EXACT(MID(box!$E23,1,LEN($A$2)),$A$2)),"",""""&$A$2&box!$A23&"."&box!$D23&""": """&SUBSTITUTE(box!$E23,"""","\""")&""",") -> "layout.box.header.OrgUnit.rpprojects": "OrgUnit's Researchers projects",
B18: =IF(OR(ISBLANK(box!$E24),EXACT(MID(box!$E24,1,LEN($A$2)),$A$2)),"",""""&$A$2&box!$A24&"."&box!$D24&""": """&SUBSTITUTE(box!$E24,"""","\""")&""",") -> "layout.box.header.OrgUnit.people": "Members",
B19: =IF(OR(ISBLANK(box!$E25),EXACT(MID(box!$E25,1,LEN($A$2)),$A$2)),"",""""&$A$2&box!$A25&"."&box!$D25&""": """&SUBSTITUTE(box!$E25,"""","\""")&""",")
... B34: =IF(OR(ISBLANK(box!$E40),EXACT(MID(box!$E40,1,LEN($A$2)),$A$2)),"",""""&$A$2&box!$A40&"."&box!$D40&""": """&SUBSTITUTE(box!$E40,"""","\""")&""",")
B35: =IF(OR(ISBLANK(box!$E42),EXACT(MID(box!$E42,1,LEN($A$2)),$A$2)),"",""""&$A$2&box!$A42&"."&box!$D42&""": """&SUBSTITUTE(box!$E42,"""","\""")&""",")
B36: =IF(OR(ISBLANK(box!$E43),EXACT(MID(box!$E43,1,LEN($A$2)),$A$2)),"",""""&$A$2&box!$A43&"."&box!$D43&""": """&SUBSTITUTE(box!$E43,"""","\""")&""",")
B37: =IF(OR(ISBLANK(box!$E44),EXACT(MID(box!$E44,1,LEN($A$2)),$A$2)),"",""""&$A$2&box!$A44&"."&box!$D44&""": """&SUBSTITUTE(box!$E44,"""","\""")&""",")
B38: =IF(OR(ISBLANK(box!$E45),EXACT(MID(box!$E45,1,LEN($A$2)),$A$2)),"",""""&$A$2&box!$A45&"."&box!$D45&""": """&SUBSTITUTE(box!$E45,"""","\""")&""",")
B39: =IF(OR(ISBLANK(box!$E46),EXACT(MID(box!$E46,1,LEN($A$2)),$A$2)),"",""""&$A$2&box!$A46&"."&box!$D46&""": """&SUBSTITUTE(box!$E46,"""","\""")&""",")
B40: =IF(OR(ISBLANK(box!$E47),EXACT(MID(box!$E47,1,LEN($A$2)),$A$2)),"",""""&$A$2&box!$A47&"."&box!$D47&""": """&SUBSTITUTE(box!$E47,"""","\""")&""",")
B41: =IF(OR(ISBLANK(box!$E48),EXACT(MID(box!$E48,1,LEN($A$2)),$A$2)),"",""""&$A$2&box!$A48&"."&box!$D48&""": """&SUBSTITUTE(box!$E48,"""","\""")&""",")
B42: =IF(OR(ISBLANK(box!$E49),EXACT(MID(box!$E49,1,LEN($A$2)),$A$2)),"",""""&$A$2&box!$A49&"."&box!$D49&""": """&SUBSTITUTE(box!$E49,"""","\""")&""",")
B43: =IF(OR(ISBLANK(box!$E50),EXACT(MID(box!$E50,1,LEN($A$2)),$A$2)),"",""""&$A$2&box!$A50&"."&box!$D50&""": """&SUBSTITUTE(box!$E50,"""","\""")&""",")
B44: =IF(OR(ISBLANK(box!$E51),EXACT(MID(box!$E51,1,LEN($A$2)),$A$2)),"",""""&$A$2&box!$A51&"."&box!$D51&""": """&SUBSTITUTE(box!$E51,"""","\""")&""",")
B45: =IF(OR(ISBLANK(box!$E52),EXACT(MID(box!$E52,1,LEN($A$2)),$A$2)),"",""""&$A$2&box!$A52&"."&box!$D52&""": """&SUBSTITUTE(box!$E52,"""","\""")&""",")
B46: =IF(OR(ISBLANK(box!$E53),EXACT(MID(box!$E53,1,LEN($A$2)),$A$2)),"",""""&$A$2&box!$A53&"."&box!$D53&""": """&SUBSTITUTE(box!$E53,"""","\""")&""",")
... B55: =IF(OR(ISBLANK(box!$E62),EXACT(MID(box!$E62,1,LEN($A$2)),$A$2)),"",""""&$A$2&box!$A62&"."&box!$D62&""": """&SUBSTITUTE(box!$E62,"""","\""")&""",")
B56: =IF(OR(ISBLANK(box!$E64),EXACT(MID(box!$E64,1,LEN($A$2)),$A$2)),"",""""&$A$2&box!$A64&"."&box!$D64&""": """&SUBSTITUTE(box!$E64,"""","\""")&""",")
B57: =IF(OR(ISBLANK(box!$E65),EXACT(MID(box!$E65,1,LEN($A$2)),$A$2)),"",""""&$A$2&box!$A65&"."&box!$D65&""": """&SUBSTITUTE(box!$E65,"""","\""")&""",")
B58: =IF(OR(ISBLANK(box!$E66),EXACT(MID(box!$E66,1,LEN($A$2)),$A$2)),"",""""&$A$2&box!$A66&"."&box!$D66&""": """&SUBSTITUTE(box!$E66,"""","\""")&""",")
B59: =IF(OR(ISBLANK(box!$E67),EXACT(MID(box!$E67,1,LEN($A$2)),$A$2)),"",""""&$A$2&box!$A67&"."&box!$D67&""": """&SUBSTITUTE(box!$E67,"""","\""")&""",")
B60: =IF(OR(ISBLANK(box!$E68),EXACT(MID(box!$E68,1,LEN($A$2)),$A$2)),"",""""&$A$2&box!$A68&"."&box!$D68&""": """&SUBSTITUTE(box!$E68,"""","\""")&""",")
B61: =IF(OR(ISBLANK(box!$E69),EXACT(MID(box!$E69,1,LEN($A$2)),$A$2)),"",""""&$A$2&box!$A69&"."&box!$D69&""": """&SUBSTITUTE(box!$E69,"""","\""")&""",")
B62: =IF(OR(ISBLANK(box!$E70),EXACT(MID(box!$E70,1,LEN($A$2)),$A$2)),"",""""&$A$2&box!$A70&"."&box!$D70&""": """&SUBSTITUTE(box!$E70,"""","\""")&""",")
B63: =IF(OR(ISBLANK(box!$E71),EXACT(MID(box!$E71,1,LEN($A$2)),$A$2)),"",""""&$A$2&box!$A71&"."&box!$D71&""": """&SUBSTITUTE(box!$E71,"""","\""")&""",")
B64: =IF(OR(ISBLANK(box!$E72),EXACT(MID(box!$E72,1,LEN($A$2)),$A$2)),"",""""&$A$2&box!$A72&"."&box!$D72&""": """&SUBSTITUTE(box!$E72,"""","\""")&""",")
B65: =IF(OR(ISBLANK(box!$E73),EXACT(MID(box!$E73,1,LEN($A$2)),$A$2)),"",""""&$A$2&box!$A73&"."&box!$D73&""": """&SUBSTITUTE(box!$E73,"""","\""")&""",")
B66: =IF(OR(ISBLANK(box!$E74),EXACT(MID(box!$E74,1,LEN($A$2)),$A$2)),"",""""&$A$2&box!$A74&"."&box!$D74&""": """&SUBSTITUTE(box!$E74,"""","\""")&""",")
B67: =IF(OR(ISBLANK(box!$E75),EXACT(MID(box!$E75,1,LEN($A$2)),$A$2)),"",""""&$A$2&box!$A75&"."&box!$D75&""": """&SUBSTITUTE(box!$E75,"""","\""")&""",")
B68: =IF(OR(ISBLANK(box!$E77),EXACT(MID(box!$E77,1,LEN($A$2)),$A$2)),"",""""&$A$2&box!$A77&"."&box!$D77&""": """&SUBSTITUTE(box!$E77,"""","\""")&""",") -> "layout.box.header.Project.primarydata": "Primary Data",
B69: =IF(OR(ISBLANK(box!$E78),EXACT(MID(box!$E78,1,LEN($A$2)),$A$2)),"",""""&$A$2&box!$A78&"."&box!$D78&""": """&SUBSTITUTE(box!$E78,"""","\""")&""",") -> "layout.box.header.Project.description": "Description",
B70: =IF(OR(ISBLANK(box!$E79),EXACT(MID(box!$E79,1,LEN($A$2)),$A$2)),"",""""&$A$2&box!$A79&"."&box!$D79&""": """&SUBSTITUTE(box!$E79,"""","\""")&""",") -> "layout.box.header.Project.metrics": "Metrics",
B71: =IF(OR(ISBLANK(box!$E80),EXACT(MID(box!$E80,1,LEN($A$2)),$A$2)),"",""""&$A$2&box!$A80&"."&box!$D80&""": """&SUBSTITUTE(box!$E80,"""","\""")&""",") -> "layout.box.header.Project.researchoutputs": "Publications",
B72: =IF(OR(ISBLANK(box!$E81),EXACT(MID(box!$E81,1,LEN($A$2)),$A$2)),"",""""&$A$2&box!$A81&"."&box!$D81&""": """&SUBSTITUTE(box!$E81,"""","\""")&""",") -> "layout.box.header.Project.fundings": "Fundings",
B73: =IF(OR(ISBLANK(box!$E82),EXACT(MID(box!$E82,1,LEN($A$2)),$A$2)),"",""""&$A$2&box!$A82&"."&box!$D82&""": """&SUBSTITUTE(box!$E82,"""","\""")&""",") -> "layout.box.header.Equipment.details": "Equipment description",
B74: =IF(OR(ISBLANK(box!$E83),EXACT(MID(box!$E83,1,LEN($A$2)),$A$2)),"",""""&$A$2&box!$A83&"."&box!$D83&""": """&SUBSTITUTE(box!$E83,"""","\""")&""",") -> "layout.box.header.Equipment.metrics": "Metrics",
B75: =IF(OR(ISBLANK(box!$E84),EXACT(MID(box!$E84,1,LEN($A$2)),$A$2)),"",""""&$A$2&box!$A84&"."&box!$D84&""": """&SUBSTITUTE(box!$E84,"""","\""")&""",") -> "layout.box.header.Funding.primarydata": "Primary Data",
B76: =IF(OR(ISBLANK(box!$E85),EXACT(MID(box!$E85,1,LEN($A$2)),$A$2)),"",""""&$A$2&box!$A85&"."&box!$D85&""": """&SUBSTITUTE(box!$E85,"""","\""")&""",") -> "layout.box.header.Funding.financialdata": "Financial Data",
B77: =IF(OR(ISBLANK(box!$E86),EXACT(MID(box!$E86,1,LEN($A$2)),$A$2)),"",""""&$A$2&box!$A86&"."&box!$D86&""": """&SUBSTITUTE(box!$E86,"""","\""")&""",") -> "layout.box.header.Funding.metrics": "Metrics",
B78: =IF(OR(ISBLANK(box!$E87),EXACT(MID(box!$E87,1,LEN($A$2)),$A$2)),"",""""&$A$2&box!$A87&"."&box!$D87&""": """&SUBSTITUTE(box!$E87,"""","\""")&""",")
B79: =IF(OR(ISBLANK(box!$E88),EXACT(MID(box!$E88,1,LEN($A$2)),$A$2)),"",""""&$A$2&box!$A88&"."&box!$D88&""": """&SUBSTITUTE(box!$E88,"""","\""")&""",")
... B755: =IF(OR(ISBLANK(box!$E764),EXACT(MID(box!$E764,1,LEN($A$2)),$A$2)),"",""""&$A$2&box!$A764&"."&box!$D764&""": """&SUBSTITUTE(box!$E764,"""","\""")&""",")
B756: =IF(OR(ISBLANK(box!$E770),EXACT(MID(box!$E770,1,LEN($A$2)),$A$2)),"",""""&$A$2&box!$A770&"."&box!$D770&""": """&SUBSTITUTE(box!$E770,"""","\""")&""",")
B757: =IF(OR(ISBLANK(box!$E771),EXACT(MID(box!$E771,1,LEN($A$2)),$A$2)),"",""""&$A$2&box!$A771&"."&box!$D771&""": """&SUBSTITUTE(box!$E771,"""","\""")&""",")
B758: =IF(OR(ISBLANK(box!$E772),EXACT(MID(box!$E772,1,LEN($A$2)),$A$2)),"",""""&$A$2&box!$A772&"."&box!$D772&""": """&SUBSTITUTE(box!$E772,"""","\""")&""",")
B759: =IF(OR(ISBLANK(box!$E773),EXACT(MID(box!$E773,1,LEN($A$2)),$A$2)),"",""""&$A$2&box!$A773&"."&box!$D773&""": """&SUBSTITUTE(box!$E773,"""","\""")&""",")
B760: =IF(OR(ISBLANK(box!$E774),EXACT(MID(box!$E774,1,LEN($A$2)),$A$2)),"",""""&$A$2&box!$A774&"."&box!$D774&""": """&SUBSTITUTE(box!$E774,"""","\""")&""",")
B761: =IF(OR(ISBLANK(box!$E775),EXACT(MID(box!$E775,1,LEN($A$2)),$A$2)),"",""""&$A$2&box!$A775&"."&box!$D775&""": """&SUBSTITUTE(box!$E775,"""","\""")&""",")
B762: =IF(OR(ISBLANK(box!$E776),EXACT(MID(box!$E776,1,LEN($A$2)),$A$2)),"",""""&$A$2&box!$A776&"."&box!$D776&""": """&SUBSTITUTE(box!$E776,"""","\""")&""",")
B763: =IF(OR(ISBLANK(box!$E777),EXACT(MID(box!$E777,1,LEN($A$2)),$A$2)),"",""""&$A$2&box!$A777&"."&box!$D777&""": """&SUBSTITUTE(box!$E777,"""","\""")&""",")
B764: =IF(OR(ISBLANK(box!$E778),EXACT(MID(box!$E778,1,LEN($A$2)),$A$2)),"",""""&$A$2&box!$A778&"."&box!$D778&""": """&SUBSTITUTE(box!$E778,"""","\""")&""",")
B765: =IF(OR(ISBLANK(box!$E779),EXACT(MID(box!$E779,1,LEN($A$2)),$A$2)),"",""""&$A$2&box!$A779&"."&box!$D779&""": """&SUBSTITUTE(box!$E779,"""","\""")&""",")
B766: =IF(OR(ISBLANK(box!$E780),EXACT(MID(box!$E780,1,LEN($A$2)),$A$2)),"",""""&$A$2&box!$A780&"."&box!$D780&""": """&SUBSTITUTE(box!$E780,"""","\""")&""",")
B767: =IF(OR(ISBLANK(box!$E781),EXACT(MID(box!$E781,1,LEN($A$2)),$A$2)),"",""""&$A$2&box!$A781&"."&box!$D781&""": """&SUBSTITUTE(box!$E781,"""","\""")&""",")
... B864: =IF(OR(ISBLANK(box!$E878),EXACT(MID(box!$E878,1,LEN($A$2)),$A$2)),"",""""&$A$2&box!$A878&"."&box!$D878&""": """&SUBSTITUTE(box!$E878,"""","\""")&""",")
B865: =IF(OR(ISBLANK(box!$E887),EXACT(MID(box!$E887,1,LEN($A$2)),$A$2)),"",""""&$A$2&box!$A887&"."&box!$D887&""": """&SUBSTITUTE(box!$E887,"""","\""")&""",")
B866: =IF(OR(ISBLANK(box!$E888),EXACT(MID(box!$E888,1,LEN($A$2)),$A$2)),"",""""&$A$2&box!$A888&"."&box!$D888&""": """&SUBSTITUTE(box!$E888,"""","\""")&""",")
B867: =IF(OR(ISBLANK(box!$E889),EXACT(MID(box!$E889,1,LEN($A$2)),$A$2)),"",""""&$A$2&box!$A889&"."&box!$D889&""": """&SUBSTITUTE(box!$E889,"""","\""")&""",")
B868: =IF(OR(ISBLANK(box!$E890),EXACT(MID(box!$E890,1,LEN($A$2)),$A$2)),"",""""&$A$2&box!$A890&"."&box!$D890&""": """&SUBSTITUTE(box!$E890,"""","\""")&""",")
B869: =IF(OR(ISBLANK(box!$E891),EXACT(MID(box!$E891,1,LEN($A$2)),$A$2)),"",""""&$A$2&box!$A891&"."&box!$D891&""": """&SUBSTITUTE(box!$E891,"""","\""")&""",")
B870: =IF(OR(ISBLANK(box!$E892),EXACT(MID(box!$E892,1,LEN($A$2)),$A$2)),"",""""&$A$2&box!$A892&"."&box!$D892&""": """&SUBSTITUTE(box!$E892,"""","\""")&""",")
B871: =IF(OR(ISBLANK(box!$E893),EXACT(MID(box!$E893,1,LEN($A$2)),$A$2)),"",""""&$A$2&box!$A893&"."&box!$D893&""": """&SUBSTITUTE(box!$E893,"""","\""")&""",")
B872: =IF(OR(ISBLANK(box!$E894),EXACT(MID(box!$E894,1,LEN($A$2)),$A$2)),"",""""&$A$2&box!$A894&"."&box!$D894&""": """&SUBSTITUTE(box!$E894,"""","\""")&""",")
B873: =IF(OR(ISBLANK(box!$E895),EXACT(MID(box!$E895,1,LEN($A$2)),$A$2)),"",""""&$A$2&box!$A895&"."&box!$D895&""": """&SUBSTITUTE(box!$E895,"""","\""")&""",")
B874: =IF(OR(ISBLANK(box!$E896),EXACT(MID(box!$E896,1,LEN($A$2)),$A$2)),"",""""&$A$2&box!$A896&"."&box!$D896&""": """&SUBSTITUTE(box!$E896,"""","\""")&""",")
B875: =IF(OR(ISBLANK(box!$E897),EXACT(MID(box!$E897,1,LEN($A$2)),$A$2)),"",""""&$A$2&box!$A897&"."&box!$D897&""": """&SUBSTITUTE(box!$E897,"""","\""")&""",")
B876: =IF(OR(ISBLANK(box!$E898),EXACT(MID(box!$E898,1,LEN($A$2)),$A$2)),"",""""&$A$2&box!$A898&"."&box!$D898&""": """&SUBSTITUTE(box!$E898,"""","\""")&""",")
... B1000: =IF(OR(ISBLANK(box!$E1022),EXACT(MID(box!$E1022,1,LEN($A$2)),$A$2)),"",""""&$A$2&box!$A1022&"."&box!$D1022&""": """&SUBSTITUTE(box!$E1022,"""","\""")&""",")

Sheet metadata_i18n
A1: PREFIX | B1: AUTOGENERATED I18N keys
A2: layout.field.label. | B2: =IF(ISBLANK(box2metadata!$I8),"",""""&$A$2&box2metadata!$A8&"."&IF(ISBLANK(box2metadata!$F8),box2metadata!$E8,box2metadata!$F8)&""": """&SUBSTITUTE(box2metadata!$I8,"""","\""")&""",")
B3: =IF(ISBLANK(box2metadata!$I9),"",""""&$A$2&box2metadata!$A9&"."&IF(ISBLANK(box2metadata!$F9),box2metadata!$E9,box2metadata!$F9)&""": """&SUBSTITUTE(box2metadata!$I9,"""","\""")&""",")
B4: =IF(ISBLANK(box2metadata!$I10),"",""""&$A$2&box2metadata!$A10&"."&IF(ISBLANK(box2metadata!$F10),box2metadata!$E10,box2metadata!$F10)&""": """&SUBSTITUTE(box2metadata!$I10,"""","\""")&""",") -> "layout.field.label.Person.dc.title": "Name",
B5: =IF(ISBLANK(box2metadata!$I11),"",""""&$A$2&box2metadata!$A11&"."&IF(ISBLANK(box2metadata!$F11),box2metadata!$E11,box2metadata!$F11)&""": """&SUBSTITUTE(box2metadata!$I11,"""","\""")&""",") -> "layout.field.label.Person.crisrp.name": "Official Name",
B6: =IF(ISBLANK(box2metadata!$I12),"",""""&$A$2&box2metadata!$A12&"."&IF(ISBLANK(box2metadata!$F12),box2metadata!$E12,box2metadata!$F12)&""": """&SUBSTITUTE(box2metadata!$I12,"""","\""")&""",") -> "layout.field.label.Person.crisrp.name.translated": "Translated name",
B7: =IF(ISBLANK(box2metadata!#ref!),"",""""&$A$2&box2metadata!#ref!&"."&IF(ISBLANK(box2metadata!#ref!),box2metadata!#ref!,box2metadata!#ref!)&""": """&SUBSTITUTE(box2metadata!#ref!,"""","\""")&""",") -> #NAME?
B8: =IF(ISBLANK(box2metadata!$I13),"",""""&$A$2&box2metadata!$A13&"."&IF(ISBLANK(box2metadata!$F13),box2metadata!$E13,box2metadata!$F13)&""": """&SUBSTITUTE(box2metadata!$I13,"""","\""")&""",") -> "layout.field.label.Person.person.jobTitle": "Main position",
B9: =IF(ISBLANK(box2metadata!$I14),"",""""&$A$2&box2metadata!$A14&"."&IF(ISBLANK(box2metadata!$F14),box2metadata!$E14,box2metadata!$F14)&""": """&SUBSTITUTE(box2metadata!$I14,"""","\""")&""",") -> "layout.field.label.Person.person.affiliation.name": "Main EPFL affiliation",
B10: =IF(ISBLANK(box2metadata!$I15),"",""""&$A$2&box2metadata!$A15&"."&IF(ISBLANK(box2metadata!$F15),box2metadata!$E15,box2metadata!$F15)&""": """&SUBSTITUTE(box2metadata!$I15,"""","\""")&""",") -> "layout.field.label.Person.person.email": "Email",
B11: =IF(ISBLANK(box2metadata!$I16),"",""""&$A$2&box2metadata!$A16&"."&IF(ISBLANK(box2metadata!$F16),box2metadata!$E16,box2metadata!$F16)&""": """&SUBSTITUTE(box2metadata!$I16,"""","\""")&""",") -> "layout.field.label.Person.person.identifier.orcid": "ORCID",
B12: =IF(ISBLANK(box2metadata!$I18),"",""""&$A$2&box2metadata!$A18&"."&IF(ISBLANK(box2metadata!$F18),box2metadata!$E18,box2metadata!$F18)&""": """&SUBSTITUTE(box2metadata!$I18,"""","\""")&""",") -> "layout.field.label.Person.person.identifier.scopus-author-id": "ScopusID",
B13: =IF(ISBLANK(box2metadata!$I19),"",""""&$A$2&box2metadata!$A19&"."&IF(ISBLANK(box2metadata!$F19),box2metadata!$E19,box2metadata!$F19)&""": """&SUBSTITUTE(box2metadata!$I19,"""","\""")&""",") -> "layout.field.label.Person.person.identifier.rid": "ResearcherID",
B14: =IF(ISBLANK(box2metadata!$I20),"",""""&$A$2&box2metadata!$A20&"."&IF(ISBLANK(box2metadata!$F20),box2metadata!$E20,box2metadata!$F20)&""": """&SUBSTITUTE(box2metadata!$I20,"""","\""")&""",") -> "layout.field.label.Person.epfl.sciper.active": "EPFL member",
B15: =IF(ISBLANK(box2metadata!$I21),"",""""&$A$2&box2metadata!$A21&"."&IF(ISBLANK(box2metadata!$F21),box2metadata!$E21,box2metadata!$F21)&""": """&SUBSTITUTE(box2metadata!$I21,"""","\""")&""",") -> "layout.field.label.Person.dc.description.abstract": "Biography",
B16: =IF(ISBLANK(box2metadata!$I22),"",""""&$A$2&box2metadata!$A22&"."&IF(ISBLANK(box2metadata!$F22),box2metadata!$E22,box2metadata!$F22)&""": """&SUBSTITUTE(box2metadata!$I22,"""","\""")&""",") -> "layout.field.label.Person.dc.subject": "Research Interests",
B17: =IF(ISBLANK(box2metadata!$I23),"",""""&$A$2&box2metadata!$A23&"."&IF(ISBLANK(box2metadata!$F23),box2metadata!$E23,box2metadata!$F23)&""": """&SUBSTITUTE(box2metadata!$I23,"""","\""")&""",") -> "layout.field.label.Person.oairecerif.identifier.url": "Personal website",
B18: =IF(ISBLANK(box2metadata!$I24),"",""""&$A$2&box2metadata!$A24&"."&IF(ISBLANK(box2metadata!$F24),box2metadata!$E24,box2metadata!$F24)&""": """&SUBSTITUTE(box2metadata!$I24,"""","\""")&""",") -> "layout.field.label.Person.oairecerif.person.affiliation": "EPFL affiliations",
B19: =IF(ISBLANK(box2metadata!$I25),"",""""&$A$2&box2metadata!$A25&"."&IF(ISBLANK(box2metadata!$F25),box2metadata!$E25,box2metadata!$F25)&""": """&SUBSTITUTE(box2metadata!$I25,"""","\""")&""",")
B20: =IF(ISBLANK(box2metadata!$I26),"",""""&$A$2&box2metadata!$A26&"."&IF(ISBLANK(box2metadata!$F26),box2metadata!$E26,box2metadata!$F26)&""": """&SUBSTITUTE(box2metadata!$I26,"""","\""")&""",")
B21: =IF(ISBLANK(box2metadata!$I27),"",""""&$A$2&box2metadata!$A27&"."&IF(ISBLANK(box2metadata!$F27),box2metadata!$E27,box2metadata!$F27)&""": """&SUBSTITUTE(box2metadata!$I27,"""","\""")&""",")
B22: =IF(ISBLANK(box2metadata!$I28),"",""""&$A$2&box2metadata!$A28&"."&IF(ISBLANK(box2metadata!$F28),box2metadata!$E28,box2metadata!$F28)&""": """&SUBSTITUTE(box2metadata!$I28,"""","\""")&""",") -> "layout.field.label.OrgUnit.oairecerif.acronym": "Acronym",
B23: =IF(ISBLANK(box2metadata!$I29),"",""""&$A$2&box2metadata!$A29&"."&IF(ISBLANK(box2metadata!$F29),box2metadata!$E29,box2metadata!$F29)&""": """&SUBSTITUTE(box2metadata!$I29,"""","\""")&""",") -> "layout.field.label.OrgUnit.epfl.unit.alias": "Other aliases",
... B63: =IF(ISBLANK(box2metadata!$I69),"",""""&$A$2&box2metadata!$A69&"."&IF(ISBLANK(box2metadata!$F69),box2metadata!$E69,box2metadata!$F69)&""": """&SUBSTITUTE(box2metadata!$I69,"""","\""")&""",") -> "layout.field.label.Publication.dc.relation.journal": "Journal title",
B64: =IF(ISBLANK(box2metadata!$I71),"",""""&$A$2&box2metadata!$A71&"."&IF(ISBLANK(box2metadata!$F71),box2metadata!$E71,box2metadata!$F71)&""": """&SUBSTITUTE(box2metadata!$I71,"""","\""")&""",") -> "layout.field.label.Publication.oaire.citation.volume": "Volume",
B65: =IF(ISBLANK(box2metadata!$I72),"",""""&$A$2&box2metadata!$A72&"."&IF(ISBLANK(box2metadata!$F72),box2metadata!$E72,box2metadata!$F72)&""": """&SUBSTITUTE(box2metadata!$I72,"""","\""")&""",") -> "layout.field.label.Publication.oaire.citation.issue": "Issue",
B66: =IF(ISBLANK(box2metadata!$I73),"",""""&$A$2&box2metadata!$A73&"."&IF(ISBLANK(box2metadata!$F73),box2metadata!$E73,box2metadata!$F73)&""": """&SUBSTITUTE(box2metadata!$I73,"""","\""")&""",") -> "layout.field.label.Publication.oaire.citation.articlenumber": "Article Number",
B67: =IF(ISBLANK(box2metadata!$I74),"",""""&$A$2&box2metadata!$A74&"."&IF(ISBLANK(box2metadata!$F74),box2metadata!$E74,box2metadata!$F74)&""": """&SUBSTITUTE(box2metadata!$I74,"""","\""")&""",") -> "layout.field.label.Publication.oaire.citation.startPage": "Start page",
B68: =IF(ISBLANK(box2metadata!$I75),"",""""&$A$2&box2metadata!$A75&"."&IF(ISBLANK(box2metadata!$F75),box2metadata!$E75,box2metadata!$F75)&""": """&SUBSTITUTE(box2metadata!$I75,"""","\""")&""",") -> "layout.field.label.Publication.oaire.citation.endPage": "End page",
B69: =IF(ISBLANK(box2metadata!$I76),"",""""&$A$2&box2metadata!$A76&"."&IF(ISBLANK(box2metadata!$F76),box2metadata!$E76,box2metadata!$F76)&""": """&SUBSTITUTE(box2metadata!$I76,"""","\""")&""",") -> "layout.field.label.Publication.dc.subject": "Subjects",
B70: =IF(ISBLANK(box2metadata!$I77),"",""""&$A$2&box2metadata!$A77&"."&IF(ISBLANK(box2metadata!$F77),box2metadata!$E77,box2metadata!$F77)&""": """&SUBSTITUTE(box2metadata!$I77,"""","\""")&""",") -> "layout.field.label.Publication.dc.description.notes": "Note",
B71: =IF(ISBLANK(box2metadata!$I78),"",""""&$A$2&box2metadata!$A78&"."&IF(ISBLANK(box2metadata!$F78),box2metadata!$E78,box2metadata!$F78)&""": """&SUBSTITUTE(box2metadata!$I78,"""","\""")&""",") -> "layout.field.label.Publication.epfl.url": "Additional link",
B72: =IF(ISBLANK(box2metadata!$I79),"",""""&$A$2&box2metadata!$A79&"."&IF(ISBLANK(box2metadata!$F79),box2metadata!$E79,box2metadata!$F79)&""": """&SUBSTITUTE(box2metadata!$I79,"""","\""")&""",") -> "layout.field.label.Publication.epfl.peerreviewed": "Peer reviewed",
B73: =IF(ISBLANK(box2metadata!$I81),"",""""&$A$2&box2metadata!$A81&"."&IF(ISBLANK(box2metadata!$F81),box2metadata!$E81,box2metadata!$F81)&""": """&SUBSTITUTE(box2metadata!$I81,"""","\""")&""",") -> "layout.field.label.Publication.dc.description.sponsorship": "EPFL units",
B74: =IF(ISBLANK(box2metadata!$I82),"",""""&$A$2&box2metadata!$A82&"."&IF(ISBLANK(box2metadata!$F82),box2metadata!$E82,box2metadata!$F82)&""": """&SUBSTITUTE(box2metadata!$I82,"""","\""")&""",")
B75: =IF(ISBLANK(box2metadata!$I83),"",""""&$A$2&box2metadata!$A83&"."&IF(ISBLANK(box2metadata!$F83),box2metadata!$E83,box2metadata!$F83)&""": """&SUBSTITUTE(box2metadata!$I83,"""","\""")&""",")
B76: =IF(ISBLANK(box2metadata!$I84),"",""""&$A$2&box2metadata!$A84&"."&IF(ISBLANK(box2metadata!$F84),box2metadata!$E84,box2metadata!$F84)&""": """&SUBSTITUTE(box2metadata!$I84,"""","\""")&""",") -> "layout.field.label.Publication.dc.date.available": "Available on Infoscience",
B77: =IF(ISBLANK(box2metadata!$I85),"",""""&$A$2&box2metadata!$A85&"."&IF(ISBLANK(box2metadata!$F85),box2metadata!$E85,box2metadata!$F85)&""": """&SUBSTITUTE(box2metadata!$I85,"""","\""")&""",") -> "layout.field.label.Publication.dc.identifier.uri": "Permanent URL",
B78: =IF(ISBLANK(box2metadata!$I86),"",""""&$A$2&box2metadata!$A86&"."&IF(ISBLANK(box2metadata!$F86),box2metadata!$E86,box2metadata!$F86)&""": """&SUBSTITUTE(box2metadata!$I86,"""","\""")&""",")
B79: =IF(ISBLANK(box2metadata!$I87),"",""""&$A$2&box2metadata!$A87&"."&IF(ISBLANK(box2metadata!$F87),box2metadata!$E87,box2metadata!$F87)&""": """&SUBSTITUTE(box2metadata!$I87,"""","\""")&""",")
B80: =IF(ISBLANK(box2metadata!$I88),"",""""&$A$2&box2metadata!$A88&"."&IF(ISBLANK(box2metadata!$F88),box2metadata!$E88,box2metadata!$F88)&""": """&SUBSTITUTE(box2metadata!$I88,"""","\""")&""",")
B81: =IF(ISBLANK(box2metadata!$I89),"",""""&$A$2&box2metadata!$A89&"."&IF(ISBLANK(box2metadata!$F89),box2metadata!$E89,box2metadata!$F89)&""": """&SUBSTITUTE(box2metadata!$I89,"""","\""")&""",")
B82: =IF(ISBLANK(box2metadata!$I90),"",""""&$A$2&box2metadata!$A90&"."&IF(ISBLANK(box2metadata!$F90),box2metadata!$E90,box2metadata!$F90)&""": """&SUBSTITUTE(box2metadata!$I90,"""","\""")&""",")
B83: =IF(ISBLANK(box2metadata!#ref!),"",""""&$A$2&box2metadata!#ref!&"."&IF(ISBLANK(box2metadata!#ref!),box2metadata!#ref!,box2metadata!#ref!)&""": """&SUBSTITUTE(box2metadata!#ref!,"""","\""")&""",") -> #NAME?
B84: =IF(ISBLANK(box2metadata!$I92),"",""""&$A$2&box2metadata!$A92&"."&IF(ISBLANK(box2metadata!$F92),box2metadata!$E92,box2metadata!$F92)&""": """&SUBSTITUTE(box2metadata!$I92,"""","\""")&""",") -> "layout.field.label.Publication.dc.type": "Resource Type",
B85: =IF(ISBLANK(box2metadata!$I93),"",""""&$A$2&box2metadata!$A93&"."&IF(ISBLANK(box2metadata!$F93),box2metadata!$E93,box2metadata!$F93)&""": """&SUBSTITUTE(box2metadata!$I93,"""","\""")&""",") -> "layout.field.label.Publication.dc.identifier.isbn": "ISBN",
B86: =IF(ISBLANK(box2metadata!$I94),"",""""&$A$2&box2metadata!$A94&"."&IF(ISBLANK(box2metadata!$F94),box2metadata!$E94,box2metadata!$F94)&""": """&SUBSTITUTE(box2metadata!$I94,"""","\""")&""",") -> "layout.field.label.Publication.dc.identifier.doi": "DOI",
B87: =IF(ISBLANK(box2metadata!$I95),"",""""&$A$2&box2metadata!$A95&"."&IF(ISBLANK(box2metadata!$F95),box2metadata!$E95,box2metadata!$F95)&""": """&SUBSTITUTE(box2metadata!$I95,"""","\""")&""",") -> "layout.field.label.Publication.dc.identifier.isi": "Web of Science ID",
B88: =IF(ISBLANK(box2metadata!$I96),"",""""&$A$2&box2metadata!$A96&"."&IF(ISBLANK(box2metadata!$F96),box2metadata!$E96,box2metadata!$F96)&""": """&SUBSTITUTE(box2metadata!$I96,"""","\""")&""",") -> "layout.field.label.Publication.dc.identifier.scopus": "Scopus ID",
B89: =IF(ISBLANK(box2metadata!$I97),"",""""&$A$2&box2metadata!$A97&"."&IF(ISBLANK(box2metadata!$F97),box2metadata!$E97,box2metadata!$F97)&""": """&SUBSTITUTE(box2metadata!$I97,"""","\""")&""",") -> "layout.field.label.Publication.dc.identifier.pmid": "PubMed ID",
B90: =IF(ISBLANK(box2metadata!$I98),"",""""&$A$2&box2metadata!$A98&"."&IF(ISBLANK(box2metadata!$F98),box2metadata!$E98,box2metadata!$F98)&""": """&SUBSTITUTE(box2metadata!$I98,"""","\""")&""",") -> "layout.field.label.Publication.dc.identifier.arxiv": "ArXiv ID",
B91: =IF(ISBLANK(box2metadata!$I99),"",""""&$A$2&box2metadata!$A99&"."&IF(ISBLANK(box2metadata!$F99),box2metadata!$E99,box2metadata!$F99)&""": """&SUBSTITUTE(box2metadata!$I99,"""","\""")&""",") -> "layout.field.label.Publication.dc.contributor.author": "Authors",
B92: =IF(ISBLANK(box2metadata!$I100),"",""""&$A$2&box2metadata!$A100&"."&IF(ISBLANK(box2metadata!$F100),box2metadata!$E100,box2metadata!$F100)&""": """&SUBSTITUTE(box2metadata!$I100,"""","\""")&""",") -> "layout.field.label.Publication.dc.contributor.scientificeditor": "Editors",
B93: =IF(ISBLANK(box2metadata!$I101),"",""""&$A$2&box2metadata!$A101&"."&IF(ISBLANK(box2metadata!$F101),box2metadata!$E101,box2metadata!$F101)&""": """&SUBSTITUTE(box2metadata!$I101,"""","\""")&""",") -> "layout.field.label.Publication.dc.contributor": "Corporate authors",
B94: =IF(ISBLANK(box2metadata!$I102),"",""""&$A$2&box2metadata!$A102&"."&IF(ISBLANK(box2metadata!$F102),box2metadata!$E102,box2metadata!$F102)&""": """&SUBSTITUTE(box2metadata!$I102,"""","\""")&""",") -> "layout.field.label.Publication.dc.date.issued": "Publication date",
B95: =IF(ISBLANK(box2metadata!$I103),"",""""&$A$2&box2metadata!$A103&"."&IF(ISBLANK(box2metadata!$F103),box2metadata!$E103,box2metadata!$F103)&""": """&SUBSTITUTE(box2metadata!$I103,"""","\""")&""",") -> "layout.field.label.Publication.dc.publisher": "Publisher",
B96: =IF(ISBLANK(box2metadata!$I105),"",""""&$A$2&box2metadata!$A105&"."&IF(ISBLANK(box2metadata!$F105),box2metadata!$E105,box2metadata!$F105)&""": """&SUBSTITUTE(box2metadata!$I105,"""","\""")&""",") -> "layout.field.label.Publication.dc.relation.ispartof": "Published in",
B97: =IF(ISBLANK(box2metadata!$I106),"",""""&$A$2&box2metadata!$A106&"."&IF(ISBLANK(box2metadata!$F106),box2metadata!$E106,box2metadata!$F106)&""": """&SUBSTITUTE(box2metadata!$I106,"""","\""")&""",") -> "layout.field.label.Publication.dc.relation.doi": "DOI of the book",
B98: =IF(ISBLANK(box2metadata!$I107),"",""""&$A$2&box2metadata!$A107&"."&IF(ISBLANK(box2metadata!$F107),box2metadata!$E107,box2metadata!$F107)&""": """&SUBSTITUTE(box2metadata!$I107,"""","\""")&""",") -> "layout.field.label.Publication.dc.relation.isbn": "ISBN of the book",
B99: =IF(ISBLANK(box2metadata!#ref!),"",""""&$A$2&box2metadata!#ref!&"."&IF(ISBLANK(box2metadata!#ref!),box2metadata!#ref!,box2metadata!#ref!)&""": """&SUBSTITUTE(box2metadata!#ref!,"""","\""")&""",") -> #NAME?
B100: =IF(ISBLANK(box2metadata!$I108),"",""""&$A$2&box2metadata!$A108&"."&IF(ISBLANK(box2metadata!$F108),box2metadata!$E108,box2metadata!$F108)&""": """&SUBSTITUTE(box2metadata!$I108,"""","\""")&""",") -> "layout.field.label.Publication.dc.description.edition": "Edition",
B101: =IF(ISBLANK(box2metadata!$I109),"",""""&$A$2&box2metadata!$A109&"."&IF(ISBLANK(box2metadata!$F109),box2metadata!$E109,box2metadata!$F109)&""": """&SUBSTITUTE(box2metadata!$I109,"""","\""")&""",") -> "layout.field.label.Publication.dc.size": "Total of pages",
B102: =IF(ISBLANK(box2metadata!$I110),"",""""&$A$2&box2metadata!$A110&"."&IF(ISBLANK(box2metadata!$F110),box2metadata!$E110,box2metadata!$F110)&""": """&SUBSTITUTE(box2metadata!$I110,"""","\""")&""",") -> "layout.field.label.Publication.epfl.part.name": "Book part title",
B103: =IF(ISBLANK(box2metadata!$I111),"",""""&$A$2&box2metadata!$A111&"."&IF(ISBLANK(box2metadata!$F111),box2metadata!$E111,box2metadata!$F111)&""": """&SUBSTITUTE(box2metadata!$I111,"""","\""")&""",") -> "layout.field.label.Publication.epfl.part.number": "Book part number",
B104: =IF(ISBLANK(box2metadata!$I112),"",""""&$A$2&box2metadata!$A112&"."&IF(ISBLANK(box2metadata!$F112),box2metadata!$E112,box2metadata!$F112)&""": """&SUBSTITUTE(box2metadata!$I112,"""","\""")&""",") -> "layout.field.label.Publication.oaire.citation.startPage": "Start page",
B105: =IF(ISBLANK(box2metadata!$I113),"",""""&$A$2&box2metadata!$A113&"."&IF(ISBLANK(box2metadata!$F113),box2metadata!$E113,box2metadata!$F113)&""": """&SUBSTITUTE(box2metadata!$I113,"""","\""")&""",") -> "layout.field.label.Publication.oaire.citation.endPage": "End page",
B106: =IF(ISBLANK(box2metadata!$I114),"",""""&$A$2&box2metadata!$A114&"."&IF(ISBLANK(box2metadata!$F114),box2metadata!$E114,box2metadata!$F114)&""": """&SUBSTITUTE(box2metadata!$I114,"""","\""")&""",") -> "layout.field.label.Publication.dc.relation.ispartofseries": "Series title/Series vol.",
B107: =IF(ISBLANK(box2metadata!$I115),"",""""&$A$2&box2metadata!$A115&"."&IF(ISBLANK(box2metadata!$F115),box2metadata!$E115,box2metadata!$F115)&""": """&SUBSTITUTE(box2metadata!$I115,"""","\""")&""",") -> "layout.field.label.Publication.dc.relation.serieissn": "ISSN (of the series)",
B108: =IF(ISBLANK(box2metadata!$I116),"",""""&$A$2&box2metadata!$A116&"."&IF(ISBLANK(box2metadata!$F116),box2metadata!$E116,box2metadata!$F116)&""": """&SUBSTITUTE(box2metadata!$I116,"""","\""")&""",") -> "layout.field.label.Publication.oaire.citation.volume": "Volume",
B109: =IF(ISBLANK(box2metadata!$I117),"",""""&$A$2&box2metadata!$A117&"."&IF(ISBLANK(box2metadata!$F117),box2metadata!$E117,box2metadata!$F117)&""": """&SUBSTITUTE(box2metadata!$I117,"""","\""")&""",") -> "layout.field.label.Publication.oaire.citation.issue": "Issue",
B110: =IF(ISBLANK(box2metadata!$I118),"",""""&$A$2&box2metadata!$A118&"."&IF(ISBLANK(box2metadata!$F118),box2metadata!$E118,box2metadata!$F118)&""": """&SUBSTITUTE(box2metadata!$I118,"""","\""")&""",") -> "layout.field.label.Publication.dc.subject": "Subjects",
B111: =IF(ISBLANK(box2metadata!$I119),"",""""&$A$2&box2metadata!$A119&"."&IF(ISBLANK(box2metadata!$F119),box2metadata!$E119,box2metadata!$F119)&""": """&SUBSTITUTE(box2metadata!$I119,"""","\""")&""",") -> "layout.field.label.Publication.dc.description.notes": "Note",
... B113: =IF(ISBLANK(box2metadata!$I121),"",""""&$A$2&box2metadata!$A121&"."&IF(ISBLANK(box2metadata!$F121),box2metadata!$E121,box2metadata!$F121)&""": """&SUBSTITUTE(box2metadata!$I121,"""","\""")&""",") -> "layout.field.label.Publication.epfl.peerreviewed": "Peer reviewed",
B114: =IF(ISBLANK(box2metadata!$I123),"",""""&$A$2&box2metadata!$A123&"."&IF(ISBLANK(box2metadata!$F123),box2metadata!$E123,box2metadata!$F123)&""": """&SUBSTITUTE(box2metadata!$I123,"""","\""")&""",") -> "layout.field.label.Publication.dc.description.sponsorship": "EPFL units",
B115: =IF(ISBLANK(box2metadata!$I124),"",""""&$A$2&box2metadata!$A124&"."&IF(ISBLANK(box2metadata!$F124),box2metadata!$E124,box2metadata!$F124)&""": """&SUBSTITUTE(box2metadata!$I124,"""","\""")&""",")
B116: =IF(ISBLANK(box2metadata!$I125),"",""""&$A$2&box2metadata!$A125&"."&IF(ISBLANK(box2metadata!$F125),box2metadata!$E125,box2metadata!$F125)&""": """&SUBSTITUTE(box2metadata!$I125,"""","\""")&""",")
B117: =IF(ISBLANK(box2metadata!$I126),"",""""&$A$2&box2metadata!$A126&"."&IF(ISBLANK(box2metadata!$F126),box2metadata!$E126,box2metadata!$F126)&""": """&SUBSTITUTE(box2metadata!$I126,"""","\""")&""",") -> "layout.field.label.Publication.dc.date.available": "Available on Infoscience",
B118: =IF(ISBLANK(box2metadata!$I127),"",""""&$A$2&box2metadata!$A127&"."&IF(ISBLANK(box2metadata!$F127),box2metadata!$E127,box2metadata!$F127)&""": """&SUBSTITUTE(box2metadata!$I127,"""","\""")&""",") -> "layout.field.label.Publication.dc.identifier.uri": "Permanent URL",
B119: =IF(ISBLANK(box2metadata!$I128),"",""""&$A$2&box2metadata!$A128&"."&IF(ISBLANK(box2metadata!$F128),box2metadata!$E128,box2metadata!$F128)&""": """&SUBSTITUTE(box2metadata!$I128,"""","\""")&""",")
B120: =IF(ISBLANK(box2metadata!$I129),"",""""&$A$2&box2metadata!$A129&"."&IF(ISBLANK(box2metadata!$F129),box2metadata!$E129,box2metadata!$F129)&""": """&SUBSTITUTE(box2metadata!$I129,"""","\""")&""",")
B121: =IF(ISBLANK(box2metadata!$I130),"",""""&$A$2&box2metadata!$A130&"."&IF(ISBLANK(box2metadata!$F130),box2metadata!$E130,box2metadata!$F130)&""": """&SUBSTITUTE(box2metadata!$I130,"""","\""")&""",")
B122: =IF(ISBLANK(box2metadata!$I131),"",""""&$A$2&box2metadata!$A131&"."&IF(ISBLANK(box2metadata!$F131),box2metadata!$E131,box2metadata!$F131)&""": """&SUBSTITUTE(box2metadata!$I131,"""","\""")&""",")
B123: =IF(ISBLANK(box2metadata!$I132),"",""""&$A$2&box2metadata!$A132&"."&IF(ISBLANK(box2metadata!$F132),box2metadata!$E132,box2metadata!$F132)&""": """&SUBSTITUTE(box2metadata!$I132,"""","\""")&""",")
B124: =IF(ISBLANK(box2metadata!$I133),"",""""&$A$2&box2metadata!$A133&"."&IF(ISBLANK(box2metadata!$F133),box2metadata!$E133,box2metadata!$F133)&""": """&SUBSTITUTE(box2metadata!$I133,"""","\""")&""",")
B125: =IF(ISBLANK(box2metadata!$I134),"",""""&$A$2&box2metadata!$A134&"."&IF(ISBLANK(box2metadata!$F134),box2metadata!$E134,box2metadata!$F134)&""": """&SUBSTITUTE(box2metadata!$I134,"""","\""")&""",")
... B137: =IF(ISBLANK(box2metadata!$I146),"",""""&$A$2&box2metadata!$A146&"."&IF(ISBLANK(box2metadata!$F146),box2metadata!$E146,box2metadata!$F146)&""": """&SUBSTITUTE(box2metadata!$I146,"""","\""")&""",") -> "layout.field.label.Publication.dc.publisher": "Publisher",
B138: =IF(ISBLANK(box2metadata!$I148),"",""""&$A$2&box2metadata!$A148&"."&IF(ISBLANK(box2metadata!$F148),box2metadata!$E148,box2metadata!$F148)&""": """&SUBSTITUTE(box2metadata!$I148,"""","\""")&""",") -> "layout.field.label.Publication.dc.relation.ispartof": "Published in",
B139: =IF(ISBLANK(box2metadata!$I149),"",""""&$A$2&box2metadata!$A149&"."&IF(ISBLANK(box2metadata!$F149),box2metadata!$E149,box2metadata!$F149)&""": """&SUBSTITUTE(box2metadata!$I149,"""","\""")&""",") -> "layout.field.label.Publication.dc.relation.doi": "DOI of the book",
B140: =IF(ISBLANK(box2metadata!$I150),"",""""&$A$2&box2metadata!$A150&"."&IF(ISBLANK(box2metadata!$F150),box2metadata!$E150,box2metadata!$F150)&""": """&SUBSTITUTE(box2metadata!$I150,"""","\""")&""",") -> "layout.field.label.Publication.dc.relation.isbn": "ISBN of the book",
B141: =IF(ISBLANK(box2metadata!#ref!),"",""""&$A$2&box2metadata!#ref!&"."&IF(ISBLANK(box2metadata!#ref!),box2metadata!#ref!,box2metadata!#ref!)&""": """&SUBSTITUTE(box2metadata!#ref!,"""","\""")&""",") -> #NAME?
B142: =IF(ISBLANK(box2metadata!$I151),"",""""&$A$2&box2metadata!$A151&"."&IF(ISBLANK(box2metadata!$F151),box2metadata!$E151,box2metadata!$F151)&""": """&SUBSTITUTE(box2metadata!$I151,"""","\""")&""",") -> "layout.field.label.Publication.dc.description.edition": "Edition",
B143: =IF(ISBLANK(box2metadata!$I152),"",""""&$A$2&box2metadata!$A152&"."&IF(ISBLANK(box2metadata!$F152),box2metadata!$E152,box2metadata!$F152)&""": """&SUBSTITUTE(box2metadata!$I152,"""","\""")&""",") -> "layout.field.label.Publication.dc.size": "Total of pages",
B144: =IF(ISBLANK(box2metadata!$I153),"",""""&$A$2&box2metadata!$A153&"."&IF(ISBLANK(box2metadata!$F153),box2metadata!$E153,box2metadata!$F153)&""": """&SUBSTITUTE(box2metadata!$I153,"""","\""")&""",") -> "layout.field.label.Publication.epfl.part.name": "Book part title",
B145: =IF(ISBLANK(box2metadata!$I154),"",""""&$A$2&box2metadata!$A154&"."&IF(ISBLANK(box2metadata!$F154),box2metadata!$E154,box2metadata!$F154)&""": """&SUBSTITUTE(box2metadata!$I154,"""","\""")&""",") -> "layout.field.label.Publication.epfl.part.number": "Book part number",
B146: =IF(ISBLANK(box2metadata!$I155),"",""""&$A$2&box2metadata!$A155&"."&IF(ISBLANK(box2metadata!$F155),box2metadata!$E155,box2metadata!$F155)&""": """&SUBSTITUTE(box2metadata!$I155,"""","\""")&""",") -> "layout.field.label.Publication.dc.relation.ispartofseries": "Series title/Series vol.",
B147: =IF(ISBLANK(box2metadata!$I156),"",""""&$A$2&box2metadata!$A156&"."&IF(ISBLANK(box2metadata!$F156),box2metadata!$E156,box2metadata!$F156)&""": """&SUBSTITUTE(box2metadata!$I156,"""","\""")&""",") -> "layout.field.label.Publication.dc.relation.serieissn": "ISSN (of the series)",
B148: =IF(ISBLANK(box2metadata!$I157),"",""""&$A$2&box2metadata!$A157&"."&IF(ISBLANK(box2metadata!$F157),box2metadata!$E157,box2metadata!$F157)&""": """&SUBSTITUTE(box2metadata!$I157,"""","\""")&""",") -> "layout.field.label.Publication.dc.relation.journal": "Journal title",
B149: =IF(ISBLANK(box2metadata!$I159),"",""""&$A$2&box2metadata!$A159&"."&IF(ISBLANK(box2metadata!$F159),box2metadata!$E159,box2metadata!$F159)&""": """&SUBSTITUTE(box2metadata!$I159,"""","\""")&""",") -> "layout.field.label.Publication.oaire.citation.volume": "Volume",
B150: =IF(ISBLANK(box2metadata!$I160),"",""""&$A$2&box2metadata!$A160&"."&IF(ISBLANK(box2metadata!$F160),box2metadata!$E160,box2metadata!$F160)&""": """&SUBSTITUTE(box2metadata!$I160,"""","\""")&""",") -> "layout.field.label.Publication.oaire.citation.issue": "Issue",
B151: =IF(ISBLANK(box2metadata!$I161),"",""""&$A$2&box2metadata!$A161&"."&IF(ISBLANK(box2metadata!$F161),box2metadata!$E161,box2metadata!$F161)&""": """&SUBSTITUTE(box2metadata!$I161,"""","\""")&""",") -> "layout.field.label.Publication.oaire.citation.articlenumber": "Article Number",
...

Sheet metadatagroup_i18n
A1: PREFIX | B1: AUTOGENERATED I18N keys
A2: layout.field.label. | B2: =IF(ISBLANK(metadatagroups!$D4),"",""""&$A$2&metadatagroups!$A4&"."&metadatagroups!$D4&""": """&SUBSTITUTE(metadatagroups!$G4,"""","\""")&""",") -> "layout.field.label.Person.oairecerif.affiliation.role": "Position",
B3: =IF(ISBLANK(metadatagroups!$D5),"",""""&$A$2&metadatagroups!$A5&"."&metadatagroups!$D5&""": """&SUBSTITUTE(metadatagroups!$G5,"""","\""")&""",") -> "layout.field.label.Person.oairecerif.person.affiliation": "EPFL Unit",
B4: =IF(ISBLANK(metadatagroups!$D6),"",""""&$A$2&metadatagroups!$A6&"."&metadatagroups!$D6&""": """&SUBSTITUTE(metadatagroups!$G6,"""","\""")&""",") -> "layout.field.label.Person.oairecerif.affiliation.endDate": "Affiliation end date",
B5: =IF(ISBLANK(metadatagroups!$D7),"",""""&$A$2&metadatagroups!$A7&"."&metadatagroups!$D7&""": """&SUBSTITUTE(metadatagroups!$G7,"""","\""")&""",") -> "layout.field.label.Publication.dc.date.issued": "",
B6: =IF(ISBLANK(metadatagroups!$D8),"",""""&$A$2&metadatagroups!$A8&"."&metadatagroups!$D8&""": """&SUBSTITUTE(metadatagroups!$G8,"""","\""")&""",") -> "layout.field.label.Publication.dc.relation.ispartof": "",
B7: =IF(ISBLANK(metadatagroups!$D9),"",""""&$A$2&metadatagroups!$A9&"."&metadatagroups!$D9&""": """&SUBSTITUTE(metadatagroups!$G9,"""","\""")&""",") -> "layout.field.label.Publication.dc.date.issued": "",
B8: =IF(ISBLANK(metadatagroups!$D10),"",""""&$A$2&metadatagroups!$A10&"."&metadatagroups!$D10&""": """&SUBSTITUTE(metadatagroups!$G10,"""","\""")&""",") -> "layout.field.label.Publication.dc.relation.journal": "",
B9: =IF(ISBLANK(metadatagroups!$D11),"",""""&$A$2&metadatagroups!$A11&"."&metadatagroups!$D11&""": """&SUBSTITUTE(metadatagroups!$G11,"""","\""")&""",") -> "layout.field.label.Publication.epfl.url.description": "Additional link",
B10: =IF(ISBLANK(metadatagroups!$D12),"",""""&$A$2&metadatagroups!$A12&"."&metadatagroups!$D12&""": """&SUBSTITUTE(metadatagroups!$G12,"""","\""")&""",") -> "layout.field.label.Publication.epfl.url": "",
B11: =IF(ISBLANK(metadatagroups!$D13),"",""""&$A$2&metadatagroups!$A13&"."&metadatagroups!$D13&""": """&SUBSTITUTE(metadatagroups!$G13,"""","\""")&""",") -> "layout.field.label.Publication.oairecerif.funder": "Funder",
B12: =IF(ISBLANK(metadatagroups!$D14),"",""""&$A$2&metadatagroups!$A14&"."&metadatagroups!$D14&""": """&SUBSTITUTE(metadatagroups!$G14,"""","\""")&""",") -> "layout.field.label.Publication.dc.relation.funding": "Grant Name",
B13: =IF(ISBLANK(metadatagroups!$D15),"",""""&$A$2&metadatagroups!$A15&"."&metadatagroups!$D15&""": """&SUBSTITUTE(metadatagroups!$G15,"""","\""")&""",") -> "layout.field.label.Publication.dc.relation.grantno": "Grant Number",
B14: =IF(ISBLANK(metadatagroups!$D16),"",""""&$A$2&metadatagroups!$A16&"."&metadatagroups!$D16&""": """&SUBSTITUTE(metadatagroups!$G16,"""","\""")&""",") -> "layout.field.label.Publication.crisfund.award.uri": "Grant URL",
B15: =IF(ISBLANK(metadatagroups!$D19),"",""""&$A$2&metadatagroups!$A19&"."&metadatagroups!$D19&""": """&SUBSTITUTE(metadatagroups!$G19,"""","\""")&""",") -> "layout.field.label.Publication.dc.relation.conference": "Event name",
B16: =IF(ISBLANK(metadatagroups!$D20),"",""""&$A$2&metadatagroups!$A20&"."&metadatagroups!$D20&""": """&SUBSTITUTE(metadatagroups!$G20,"""","\""")&""",") -> "layout.field.label.Publication.oairecerif.acronym": "Event acronym",
B17: =IF(ISBLANK(metadatagroups!$D21),"",""""&$A$2&metadatagroups!$A21&"."&metadatagroups!$D21&""": """&SUBSTITUTE(metadatagroups!$G21,"""","\""")&""",") -> "layout.field.label.Publication.oaire.citation.conferencePlace": "Event place",
B18: =IF(ISBLANK(metadatagroups!$D22),"",""""&$A$2&metadatagroups!$A22&"."&metadatagroups!$D22&""": """&SUBSTITUTE(metadatagroups!$G22,"""","\""")&""",") -> "layout.field.label.Publication.oaire.citation.conferenceDate": "Event date",
B19: =IF(ISBLANK(metadatagroups!$D23),"",""""&$A$2&metadatagroups!$A23&"."&metadatagroups!$D23&""": """&SUBSTITUTE(metadatagroups!$G23,"""","\""")&""",") -> "layout.field.label.Publication.epfl.award": "Award",
B20: =IF(ISBLANK(metadatagroups!$D24),"",""""&$A$2&metadatagroups!$A24&"."&metadatagroups!$D24&""": """&SUBSTITUTE(metadatagroups!$G24,"""","\""")&""",") -> "layout.field.label.Publication.epfl.award.date": "",
B21: =IF(ISBLANK(metadatagroups!$D25),"",""""&$A$2&metadatagroups!$A25&"."&metadatagroups!$D25&""": """&SUBSTITUTE(metadatagroups!$G25,"""","\""")&""",") -> "layout.field.label.Publication.datacite.relationType": "Relation",
B22: =IF(ISBLANK(metadatagroups!$D26),"",""""&$A$2&metadatagroups!$A26&"."&metadatagroups!$D26&""": """&SUBSTITUTE(metadatagroups!$G26,"""","\""")&""",") -> "layout.field.label.Publication.dc.relation.title": "Related work",
B23: =IF(ISBLANK(metadatagroups!$D27),"",""""&$A$2&metadatagroups!$A27&"."&metadatagroups!$D27&""": """&SUBSTITUTE(metadatagroups!$G27,"""","\""")&""",") -> "layout.field.label.Publication.datacite.relatedIdentifier": "URL/DOI",
B24: =IF(ISBLANK(metadatagroups!$D28),"",""""&$A$2&metadatagroups!$A28&"."&metadatagroups!$D28&""": """&SUBSTITUTE(metadatagroups!$G28,"""","\""")&""",") -> "layout.field.label.Product.dc.type": "",
B25: =IF(ISBLANK(metadatagroups!$D29),"",""""&$A$2&metadatagroups!$A29&"."&metadatagroups!$D29&""": """&SUBSTITUTE(metadatagroups!$G29,"""","\""")&""",") -> "layout.field.label.Product.datacite.rights": "",
B26: =IF(ISBLANK(metadatagroups!$D32),"",""""&$A$2&metadatagroups!$A32&"."&metadatagroups!$D32&""": """&SUBSTITUTE(metadatagroups!$G32,"""","\""")&""",") -> "layout.field.label.Product.dc.date.issued": "",
B27: =IF(ISBLANK(metadatagroups!$D33),"",""""&$A$2&metadatagroups!$A33&"."&metadatagroups!$D33&""": """&SUBSTITUTE(metadatagroups!$G33,"""","\""")&""",") -> "layout.field.label.Product.dc.publisher": "",
B28: =IF(ISBLANK(metadatagroups!$D34),"",""""&$A$2&metadatagroups!$A34&"."&metadatagroups!$D34&""": """&SUBSTITUTE(metadatagroups!$G34,"""","\""")&""",") -> "layout.field.label.Product.epfl.url.description": "Link description",
B29: =IF(ISBLANK(metadatagroups!$D35),"",""""&$A$2&metadatagroups!$A35&"."&metadatagroups!$D35&""": """&SUBSTITUTE(metadatagroups!$G35,"""","\""")&""",") -> "layout.field.label.Product.epfl.url": "URL",
B30: =IF(ISBLANK(metadatagroups!$D36),"",""""&$A$2&metadatagroups!$A36&"."&metadatagroups!$D36&""": """&SUBSTITUTE(metadatagroups!$G36,"""","\""")&""",") -> "layout.field.label.Product.dc.relation.conference": "Event name",
B31: =IF(ISBLANK(metadatagroups!$D37),"",""""&$A$2&metadatagroups!$A37&"."&metadatagroups!$D37&""": """&SUBSTITUTE(metadatagroups!$G37,"""","\""")&""",") -> "layout.field.label.Product.oairecerif.acronym": "Event acronym",
B32: =IF(ISBLANK(metadatagroups!$D38),"",""""&$A$2&metadatagroups!$A38&"."&metadatagroups!$D38&""": """&SUBSTITUTE(metadatagroups!$G38,"""","\""")&""",") -> "layout.field.label.Product.oaire.citation.conferencePlace": "Event place",
B33: =IF(ISBLANK(metadatagroups!$D39),"",""""&$A$2&metadatagroups!$A39&"."&metadatagroups!$D39&""": """&SUBSTITUTE(metadatagroups!$G39,"""","\""")&""",") -> "layout.field.label.Product.oaire.citation.conferenceDate": "Event date",
B34: =IF(ISBLANK(metadatagroups!$D40),"",""""&$A$2&metadatagroups!$A40&"."&metadatagroups!$D40&""": """&SUBSTITUTE(metadatagroups!$G40,"""","\""")&""",") -> "layout.field.label.Product.oairecerif.funder": "Funder",
B35: =IF(ISBLANK(metadatagroups!$D41),"",""""&$A$2&metadatagroups!$A41&"."&metadatagroups!$D41&""": """&SUBSTITUTE(metadatagroups!$G41,"""","\""")&""",") -> "layout.field.label.Product.dc.relation.funding": "Grant Name",
B36: =IF(ISBLANK(metadatagroups!$D42),"",""""&$A$2&metadatagroups!$A42&"."&metadatagroups!$D42&""": """&SUBSTITUTE(metadatagroups!$G42,"""","\""")&""",") -> "layout.field.label.Product.dc.relation.grantno": "Grant Number",
B37: =IF(ISBLANK(metadatagroups!$D43),"",""""&$A$2&metadatagroups!$A43&"."&metadatagroups!$D43&""": """&SUBSTITUTE(metadatagroups!$G43,"""","\""")&""",") -> "layout.field.label.Product.crisfund.award.uri": "Grant URL",
... B43: =IF(ISBLANK(metadatagroups!$D49),"",""""&$A$2&metadatagroups!$A49&"."&metadatagroups!$D49&""": """&SUBSTITUTE(metadatagroups!$G49,"""","\""")&""",") -> "layout.field.label.Patent.datacite.available": "",
B44: =IF(ISBLANK(metadatagroups!$D52),"",""""&$A$2&metadatagroups!$A52&"."&metadatagroups!$D52&""": """&SUBSTITUTE(metadatagroups!$G52,"""","\""")&""",") -> "layout.field.label.Patent.epfl.url.description": "Additional link",
B45: =IF(ISBLANK(metadatagroups!$D53),"",""""&$A$2&metadatagroups!$A53&"."&metadatagroups!$D53&""": """&SUBSTITUTE(metadatagroups!$G53,"""","\""")&""",") -> "layout.field.label.Patent.epfl.url": "",
B46: =IF(ISBLANK(metadatagroups!$D54),"",""""&$A$2&metadatagroups!$A54&"."&metadatagroups!$D54&""": """&SUBSTITUTE(metadatagroups!$G54,"""","\""")&""",") -> "layout.field.label.Patent.dc.identifier.patentno": "Patent number",
B47: =IF(ISBLANK(metadatagroups!$D55),"",""""&$A$2&metadatagroups!$A55&"."&metadatagroups!$D55&""": """&SUBSTITUTE(metadatagroups!$G55,"""","\""")&""",") -> "layout.field.label.Patent.oairecerif.patent.country": "Country code",
B48: =IF(ISBLANK(metadatagroups!$D56),"",""""&$A$2&metadatagroups!$A56&"."&metadatagroups!$D56&""": """&SUBSTITUTE(metadatagroups!$G56,"""","\""")&""",") -> "layout.field.label.Patent.epfl.patent.kindcode": "Kind code",
B49: =IF(ISBLANK(metadatagroups!$D57),"",""""&$A$2&metadatagroups!$A57&"."&metadatagroups!$D57&""": """&SUBSTITUTE(metadatagroups!$G57,"""","\""")&""",") -> "layout.field.label.Patent.epfl.patent.date": "Date issued",
B50: =IF(ISBLANK(metadatagroups!$D58),"",""""&$A$2&metadatagroups!$A58&"."&metadatagroups!$D58&""": """&SUBSTITUTE(metadatagroups!$G58,"""","\""")&""",") -> "layout.field.label.Patent.datacite.relationType": "Relation",
B51: =IF(ISBLANK(metadatagroups!$D59),"",""""&$A$2&metadatagroups!$A59&"."&metadatagroups!$D59&""": """&SUBSTITUTE(metadatagroups!$G59,"""","\""")&""",") -> "layout.field.label.Patent.dc.relation.title": "Related work",
B52: =IF(ISBLANK(metadatagroups!$D60),"",""""&$A$2&metadatagroups!$A60&"."&metadatagroups!$D60&""": """&SUBSTITUTE(metadatagroups!$G60,"""","\""")&""",") -> "layout.field.label.Patent.datacite.relatedIdentifier": "URL/DOI",
B53: =IF(ISBLANK(metadatagroups!$D61),"",""""&$A$2&metadatagroups!$A61&"."&metadatagroups!$D61&""": """&SUBSTITUTE(metadatagroups!$G61,"""","\""")&""",") -> "layout.field.label.Patent.dc.identifier.prioritynumber": "Priority number",
B54: =IF(ISBLANK(metadatagroups!$D62),"",""""&$A$2&metadatagroups!$A62&"."&metadatagroups!$D62&""": """&SUBSTITUTE(metadatagroups!$G62,"""","\""")&""",") -> "layout.field.label.Patent.dcterms.dateAccepted": "Priority date",
B55: =IF(ISBLANK(metadatagroups!$D63),"",""""&$A$2&metadatagroups!$A63&"."&metadatagroups!$D63&""": """&SUBSTITUTE(metadatagroups!$G63,"""","\""")&""",") -> "layout.field.label.Patent.dc.identifier.applicationnumber": "Application number",
... B228: =IF(ISBLANK(metadatagroups!$D236),"",""""&$A$2&metadatagroups!$A236&"."&metadatagroups!$D236&""": """&SUBSTITUTE(metadatagroups!$G236,"""","\""")&""",")
B229: =IF(ISBLANK(metadatagroups!$D228),"",""""&$A$2&metadatagroups!$A228&"."&metadatagroups!$D228&""": """&SUBSTITUTE(metadatagroups!$G228,"""","\""")&""",")
B230: =IF(ISBLANK(metadatagroups!$D229),"",""""&$A$2&metadatagroups!$A229&"."&metadatagroups!$D229&""": """&SUBSTITUTE(metadatagroups!$G229,"""","\""")&""",")
B231: =IF(ISBLANK(metadatagroups!$D230),"",""""&$A$2&metadatagroups!$A230&"."&metadatagroups!$D230&""": """&SUBSTITUTE(metadatagroups!$G230,"""","\""")&""",")
B232: =IF(ISBLANK(metadatagroups!$D231),"",""""&$A$2&metadatagroups!$A231&"."&metadatagroups!$D231&""": """&SUBSTITUTE(metadatagroups!$G231,"""","\""")&""",")
B233: =IF(ISBLANK(metadatagroups!$D232),"",""""&$A$2&metadatagroups!$A232&"."&metadatagroups!$D232&""": """&SUBSTITUTE(metadatagroups!$G232,"""","\""")&""",")
B234: =IF(ISBLANK(metadatagroups!$D233),"",""""&$A$2&metadatagroups!$A233&"."&metadatagroups!$D233&""": """&SUBSTITUTE(metadatagroups!$G233,"""","\""")&""",")
B235: =IF(ISBLANK(metadatagroups!$D234),"",""""&$A$2&metadatagroups!$A234&"."&metadatagroups!$D234&""": """&SUBSTITUTE(metadatagroups!$G234,"""","\""")&""",")
B236: =IF(ISBLANK(metadatagroups!$D235),"",""""&$A$2&metadatagroups!$A235&"."&metadatagroups!$D235&""": """&SUBSTITUTE(metadatagroups!$G235,"""","\""")&""",")
B237: =IF(ISBLANK(metadatagroups!$D236),"",""""&$A$2&metadatagroups!$A236&"."&metadatagroups!$D236&""": """&SUBSTITUTE(metadatagroups!$G236,"""","\""")&""",")
B238: =IF(ISBLANK(metadatagroups!$D237),"",""""&$A$2&metadatagroups!$A237&"."&metadatagroups!$D237&""": """&SUBSTITUTE(metadatagroups!$G237,"""","\""")&""",")
B239: =IF(ISBLANK(metadatagroups!$D238),"",""""&$A$2&metadatagroups!$A238&"."&metadatagroups!$D238&""": """&SUBSTITUTE(metadatagroups!$G238,"""","\""")&""",")
B240: =IF(ISBLANK(metadatagroups!$D239),"",""""&$A$2&metadatagroups!$A239&"."&metadatagroups!$D239&""": """&SUBSTITUTE(metadatagroups!$G239,"""","\""")&""",")
... B271: =IF(ISBLANK(metadatagroups!$D270),"",""""&$A$2&metadatagroups!$A270&"."&metadatagroups!$D270&""": """&SUBSTITUTE(metadatagroups!$G270,"""","\""")&""",")
B272: =IF(ISBLANK(metadatagroups!$D268),"",""""&$A$2&metadatagroups!$A268&"."&metadatagroups!$D268&""": """&SUBSTITUTE(metadatagroups!$G268,"""","\""")&""",")
B273: =IF(ISBLANK(metadatagroups!$D269),"",""""&$A$2&metadatagroups!$A269&"."&metadatagroups!$D269&""": """&SUBSTITUTE(metadatagroups!$G269,"""","\""")&""",")
B274: =IF(ISBLANK(metadatagroups!$D270),"",""""&$A$2&metadatagroups!$A270&"."&metadatagroups!$D270&""": """&SUBSTITUTE(metadatagroups!$G270,"""","\""")&""",")
B275: =IF(ISBLANK(metadatagroups!$D271),"",""""&$A$2&metadatagroups!$A271&"."&metadatagroups!$D271&""": """&SUBSTITUTE(metadatagroups!$G271,"""","\""")&""",")
B276: =IF(ISBLANK(metadatagroups!$D272),"",""""&$A$2&metadatagroups!$A272&"."&metadatagroups!$D272&""": """&SUBSTITUTE(metadatagroups!$G272,"""","\""")&""",")
B277: =IF(ISBLANK(metadatagroups!$D273),"",""""&$A$2&metadatagroups!$A273&"."&metadatagroups!$D273&""": """&SUBSTITUTE(metadatagroups!$G273,"""","\""")&""",")
B278: =IF(ISBLANK(metadatagroups!$D274),"",""""&$A$2&metadatagroups!$A274&"."&metadatagroups!$D274&""": """&SUBSTITUTE(metadatagroups!$G274,"""","\""")&""",")
B279: =IF(ISBLANK(metadatagroups!$D275),"",""""&$A$2&metadatagroups!$A275&"."&metadatagroups!$D275&""": """&SUBSTITUTE(metadatagroups!$G275,"""","\""")&""",")
B280: =IF(ISBLANK(metadatagroups!$D276),"",""""&$A$2&metadatagroups!$A276&"."&metadatagroups!$D276&""": """&SUBSTITUTE(metadatagroups!$G276,"""","\""")&""",")
B281: =IF(ISBLANK(metadatagroups!$D277),"",""""&$A$2&metadatagroups!$A277&"."&metadatagroups!$D277&""": """&SUBSTITUTE(metadatagroups!$G277,"""","\""")&""",")
B282: =IF(ISBLANK(metadatagroups!$D278),"",""""&$A$2&metadatagroups!$A278&"."&metadatagroups!$D278&""": """&SUBSTITUTE(metadatagroups!$G278,"""","\""")&""",")
B283: =IF(ISBLANK(metadatagroups!$D279),"",""""&$A$2&metadatagroups!$A279&"."&metadatagroups!$D279&""": """&SUBSTITUTE(metadatagroups!$G279,"""","\""")&""",")
... B546: =IF(ISBLANK(metadatagroups!$D542),"",""""&$A$2&metadatagroups!$A542&"."&metadatagroups!$D542&""": """&SUBSTITUTE(metadatagroups!$G542,"""","\""")&""",")
B547: =IF(ISBLANK(metadatagroups!$D503),"",""""&$A$2&metadatagroups!$A503&"."&metadatagroups!$D503&""": """&SUBSTITUTE(metadatagroups!$G503,"""","\""")&""",")
B548: =IF(ISBLANK(metadatagroups!$D504),"",""""&$A$2&metadatagroups!$A504&"."&metadatagroups!$D504&""": """&SUBSTITUTE(metadatagroups!$G504,"""","\""")&""",")
B549: =IF(ISBLANK(metadatagroups!$D505),"",""""&$A$2&metadatagroups!$A505&"."&metadatagroups!$D505&""": """&SUBSTITUTE(metadatagroups!$G505,"""","\""")&""",")
B550: =IF(ISBLANK(metadatagroups!$D506),"",""""&$A$2&metadatagroups!$A506&"."&metadatagroups!$D506&""": """&SUBSTITUTE(metadatagroups!$G506,"""","\""")&""",")
B551: =IF(ISBLANK(metadatagroups!$D507),"",""""&$A$2&metadatagroups!$A507&"."&metadatagroups!$D507&""": """&SUBSTITUTE(metadatagroups!$G507,"""","\""")&""",")
B552: =IF(ISBLANK(metadatagroups!$D508),"",""""&$A$2&metadatagroups!$A508&"."&metadatagroups!$D508&""": """&SUBSTITUTE(metadatagroups!$G508,"""","\""")&""",")
B553: =IF(ISBLANK(metadatagroups!$D509),"",""""&$A$2&metadatagroups!$A509&"."&metadatagroups!$D509&""": """&SUBSTITUTE(metadatagroups!$G509,"""","\""")&""",")
B554: =IF(ISBLANK(metadatagroups!$D510),"",""""&$A$2&metadatagroups!$A510&"."&metadatagroups!$D510&""": """&SUBSTITUTE(metadatagroups!$G510,"""","\""")&""",")
B555: =IF(ISBLANK(metadatagroups!$D511),"",""""&$A$2&metadatagroups!$A511&"."&metadatagroups!$D511&""": """&SUBSTITUTE(metadatagroups!$G511,"""","\""")&""",")
B556: =IF(ISBLANK(metadatagroups!$D512),"",""""&$A$2&metadatagroups!$A512&"."&metadatagroups!$D512&""": """&SUBSTITUTE(metadatagroups!$G512,"""","\""")&""",")
B557: =IF(ISBLANK(metadatagroups!$D513),"",""""&$A$2&metadatagroups!$A513&"."&metadatagroups!$D513&""": """&SUBSTITUTE(metadatagroups!$G513,"""","\""")&""",")
B558: =IF(ISBLANK(metadatagroups!$D514),"",""""&$A$2&metadatagroups!$A514&"."&metadatagroups!$D514&""": """&SUBSTITUTE(metadatagroups!$G514,"""","\""")&""",")
... B1000: =IF(ISBLANK(metadatagroups!$D956),"",""""&$A$2&metadatagroups!$A956&"."&metadatagroups!$D956&""": """&SUBSTITUTE(metadatagroups!$G956,"""","\""")&""",")
